incident_id,system,system_version,category,symptom,created_at,baseline_resolved_at,baseline_ttr_minutes,assisted_resolved_at,assisted_ttr_minutes,resolution,resolution_source,recurring_group,knowledge_article_id,resolution_success,feedback_score,dataset_label
RDS-5145,MedFlow,3.2,Application,Medication order entry frozen or queue not processing,2025-01-01T18:00:00,2025-01-01T18:46:06,46.1,2025-01-01T18:14:06,14.1,MedFlow Order Queue Clear and Process Recycle,knowledge_article,RG-003,KA-008,1,0.86,SYNTHETIC_BENCHMARK
RDS-5175,AuthGuard,2.8,Authentication,Clinical application SSO login failure across nursing stations,2025-06-08T12:00:00,2025-06-08T12:48:42,48.7,2025-06-08T12:21:24,21.4,AuthGuard LDAP Gateway Synchronizer Reset,knowledge_article,RG-004,KA-012,1,0.95,SYNTHETIC_BENCHMARK
RDS-5208,EHRCore,6.0,UI/Application,Patient registration screen freeze or hang during intake,2025-05-02T09:00:00,2025-05-02T09:17:18,17.3,2025-05-02T09:07:42,7.7,EHR Core UI Thread Recycling,knowledge_article,RG-005,KA-005,1,0.92,SYNTHETIC_BENCHMARK
RDS-5247,EHRCore,6.0,UI/Application,Patient registration screen freeze or hang during intake,2025-06-17T19:00:00,2025-06-17T19:31:36,31.6,2025-06-17T19:08:00,8.0,EHR Core UI Thread Recycling,knowledge_article,RG-005,KA-005,1,0.73,SYNTHETIC_BENCHMARK
RDS-5297,HL7Router,3.5,Integration,HL7 message queue delayed or stuck in pending,2025-02-21T20:00:00,2025-02-21T20:34:54,34.9,2025-02-21T20:24:54,24.9,HL7 Router Queue Purge and Resend,knowledge_article,RG-006,KA-031,1,0.87,SYNTHETIC_BENCHMARK
RDS-5090,PACSView,4.1,Performance,PACS image loading slow or hanging in radiology,2025-06-27T10:00:00,2025-06-27T10:45:18,45.3,2025-06-27T10:10:48,10.8,PACS Image Cache Purge and DICOM Router Cycle,knowledge_article,RG-002,KA-019,1,0.86,SYNTHETIC_BENCHMARK
RDS-5126,MedFlow,3.2,Application,Medication order entry frozen or queue not processing,2025-01-17T14:00:00,2025-01-17T14:34:48,34.8,2025-01-17T14:15:18,15.3,MedFlow Order Queue Clear and Process Recycle,knowledge_article,RG-003,KA-008,1,0.75,SYNTHETIC_BENCHMARK
RDS-5295,HL7Router,3.5,Integration,HL7 message queue delayed or stuck in pending,2025-07-01T09:00:00,2025-07-01T09:49:12,49.2,2025-07-01T09:17:24,17.4,HL7 Router Queue Purge and Resend,knowledge_article,RG-006,KA-031,1,0.75,SYNTHETIC_BENCHMARK
RDS-5059,PACSView,4.1,Performance,PACS image loading slow or hanging in radiology,2025-06-26T10:00:00,2025-06-26T10:40:00,40.0,2025-06-26T10:20:00,20.0,PACS Image Cache Purge and DICOM Router Cycle,knowledge_article,RG-002,KA-019,1,0.74,SYNTHETIC_BENCHMARK
RDS-5198,AuthGuard,2.8,Authentication,Clinical application SSO login failure across nursing stations,2025-03-09T08:00:00,2025-03-09T08:29:24,29.4,2025-03-09T08:17:30,17.5,AuthGuard LDAP Gateway Synchronizer Reset,knowledge_article,RG-004,KA-012,1,0.72,SYNTHETIC_BENCHMARK
RDS-5193,AuthGuard,2.8,Authentication,Clinical application SSO login failure across nursing stations,2025-02-24T18:00:00,2025-02-24T18:47:24,47.4,2025-02-24T18:24:36,24.6,AuthGuard LDAP Gateway Synchronizer Reset,knowledge_article,RG-004,KA-012,1,0.8,SYNTHETIC_BENCHMARK
RDS-5002,LabSys,5.4,Application,Lab results not loading or displaying blank screen,2025-06-23T19:00:00,2025-06-23T19:42:06,42.1,2025-06-23T19:08:54,8.9,Restart LabSys Application Service,knowledge_article,RG-001,KA-014,1,0.71,SYNTHETIC_BENCHMARK
RDS-5186,AuthGuard,2.8,Authentication,Clinical application SSO login failure across nursing stations,2025-06-16T14:00:00,2025-06-16T14:29:06,29.1,2025-06-16T14:12:36,12.6,AuthGuard LDAP Gateway Synchronizer Reset,knowledge_article,RG-004,KA-012,1,1.0,SYNTHETIC_BENCHMARK
RDS-5046,LabSys,5.4,Application,Lab results not loading or displaying blank screen,2025-01-18T18:00:00,2025-01-18T18:41:18,41.3,2025-01-18T18:12:00,12.0,Restart LabSys Application Service,knowledge_article,RG-001,KA-014,0,0.37,SYNTHETIC_BENCHMARK
RDS-5001,LabSys,5.4,Application,Lab results not loading or displaying blank screen,2025-06-13T09:00:00,2025-06-13T09:18:42,18.7,2025-06-13T09:10:48,10.8,Restart LabSys Application Service,knowledge_article,RG-001,KA-014,1,0.92,SYNTHETIC_BENCHMARK
RDS-5058,PACSView,4.1,Performance,PACS image loading slow or hanging in radiology,2025-07-09T15:00:00,2025-07-09T15:40:12,40.2,2025-07-09T15:15:06,15.1,PACS Image Cache Purge and DICOM Router Cycle,knowledge_article,RG-002,KA-019,1,0.72,SYNTHETIC_BENCHMARK
RDS-5162,AuthGuard,2.8,Authentication,Clinical application SSO login failure across nursing stations,2025-03-23T18:00:00,2025-03-23T18:50:12,50.2,2025-03-23T18:21:54,21.9,AuthGuard LDAP Gateway Synchronizer Reset,knowledge_article,RG-004,KA-012,1,0.71,SYNTHETIC_BENCHMARK
RDS-5055,PACSView,4.1,Performance,PACS image loading slow or hanging in radiology,2025-06-04T11:00:00,2025-06-04T11:45:42,45.7,2025-06-04T11:12:24,12.4,PACS Image Cache Purge and DICOM Router Cycle,knowledge_article,RG-002,KA-019,1,0.78,SYNTHETIC_BENCHMARK
RDS-5112,MedFlow,3.2,Application,Medication order entry frozen or queue not processing,2025-03-04T09:00:00,2025-03-04T09:28:24,28.4,2025-03-04T09:14:00,14.0,MedFlow Order Queue Clear and Process Recycle,knowledge_article,RG-003,KA-008,1,0.87,SYNTHETIC_BENCHMARK
RDS-5286,HL7Router,3.5,Integration,HL7 message queue delayed or stuck in pending,2025-01-15T09:00:00,2025-01-15T09:53:30,53.5,2025-01-15T09:19:06,19.1,HL7 Router Queue Purge and Resend,knowledge_article,RG-006,KA-031,1,0.92,SYNTHETIC_BENCHMARK
RDS-5292,HL7Router,3.5,Integration,HL7 message queue delayed or stuck in pending,2025-03-09T20:00:00,2025-03-09T20:39:06,39.1,2025-03-09T20:19:42,19.7,HL7 Router Queue Purge and Resend,knowledge_article,RG-006,KA-031,0,0.29,SYNTHETIC_BENCHMARK
RDS-5154,AuthGuard,2.8,Authentication,Clinical application SSO login failure across nursing stations,2025-03-18T17:00:00,2025-03-18T17:45:18,45.3,2025-03-18T17:20:36,20.6,AuthGuard LDAP Gateway Synchronizer Reset,knowledge_article,RG-004,KA-012,1,0.83,SYNTHETIC_BENCHMARK
RDS-5052,PACSView,4.1,Performance,PACS image loading slow or hanging in radiology,2025-02-10T15:00:00,2025-02-10T15:49:30,49.5,2025-02-10T15:18:24,18.4,PACS Image Cache Purge and DICOM Router Cycle,knowledge_article,RG-002,KA-019,1,1.0,SYNTHETIC_BENCHMARK
RDS-5098,PACSView,4.1,Performance,PACS image loading slow or hanging in radiology,2025-02-16T08:00:00,2025-02-16T08:30:36,30.6,2025-02-16T08:13:54,13.9,PACS Image Cache Purge and DICOM Router Cycle,knowledge_article,RG-002,KA-019,1,0.8,SYNTHETIC_BENCHMARK
RDS-5263,HL7Router,3.5,Integration,HL7 message queue delayed or stuck in pending,2025-04-06T11:00:00,2025-04-06T11:43:30,43.5,2025-04-06T11:14:12,14.2,HL7 Router Queue Purge and Resend,knowledge_article,RG-006,KA-031,1,0.8,SYNTHETIC_BENCHMARK
RDS-5009,LabSys,5.4,Application,Lab results not loading or displaying blank screen,2025-01-12T18:00:00,2025-01-12T18:24:12,24.2,2025-01-12T18:10:54,10.9,Restart LabSys Application Service,knowledge_article,RG-001,KA-014,1,0.77,SYNTHETIC_BENCHMARK
RDS-5192,AuthGuard,2.8,Authentication,Clinical application SSO login failure across nursing stations,2025-03-12T11:00:00,2025-03-12T11:58:54,58.9,2025-03-12T11:24:18,24.3,AuthGuard LDAP Gateway Synchronizer Reset,knowledge_article,RG-004,KA-012,1,0.73,SYNTHETIC_BENCHMARK
RDS-5026,LabSys,5.4,Application,Lab results not loading or displaying blank screen,2025-03-20T11:00:00,2025-03-20T11:19:36,19.6,2025-03-20T11:16:48,16.8,Restart LabSys Application Service,knowledge_article,RG-001,KA-014,0,0.23,SYNTHETIC_BENCHMARK
RDS-5123,MedFlow,3.2,Application,Medication order entry frozen or queue not processing,2025-02-02T12:00:00,2025-02-02T12:21:24,21.4,2025-02-02T12:09:36,9.6,MedFlow Order Queue Clear and Process Recycle,knowledge_article,RG-003,KA-008,1,0.98,SYNTHETIC_BENCHMARK
RDS-5187,AuthGuard,2.8,Authentication,Clinical application SSO login failure across nursing stations,2025-01-30T09:00:00,2025-01-30T09:33:12,33.2,2025-01-30T09:19:00,19.0,AuthGuard LDAP Gateway Synchronizer Reset,knowledge_article,RG-004,KA-012,1,0.81,SYNTHETIC_BENCHMARK
RDS-5125,MedFlow,3.2,Application,Medication order entry frozen or queue not processing,2025-04-23T13:00:00,2025-04-23T13:25:30,25.5,2025-04-23T13:09:36,9.6,MedFlow Order Queue Clear and Process Recycle,knowledge_article,RG-003,KA-008,0,0.34,SYNTHETIC_BENCHMARK
RDS-5100,PACSView,4.1,Performance,PACS image loading slow or hanging in radiology,2025-01-05T19:00:00,2025-01-05T19:39:48,39.8,2025-01-05T19:22:00,22.0,PACS Image Cache Purge and DICOM Router Cycle,knowledge_article,RG-002,KA-019,1,0.9,SYNTHETIC_BENCHMARK
RDS-5287,HL7Router,3.5,Integration,HL7 message queue delayed or stuck in pending,2025-02-10T08:00:00,2025-02-10T08:35:00,35.0,2025-02-10T08:22:06,22.1,HL7 Router Queue Purge and Resend,knowledge_article,RG-006,KA-031,1,0.71,SYNTHETIC_BENCHMARK
RDS-5164,AuthGuard,2.8,Authentication,Clinical application SSO login failure across nursing stations,2025-04-22T09:00:00,2025-04-22T09:51:36,51.6,2025-04-22T09:21:12,21.2,AuthGuard LDAP Gateway Synchronizer Reset,knowledge_article,RG-004,KA-012,1,0.75,SYNTHETIC_BENCHMARK
RDS-5194,AuthGuard,2.8,Authentication,Clinical application SSO login failure across nursing stations,2025-02-02T20:00:00,2025-02-02T20:44:48,44.8,2025-02-02T20:12:54,12.9,AuthGuard LDAP Gateway Synchronizer Reset,knowledge_article,RG-004,KA-012,1,0.76,SYNTHETIC_BENCHMARK
RDS-5038,LabSys,5.4,Application,Lab results not loading or displaying blank screen,2025-04-29T11:00:00,2025-04-29T11:41:36,41.6,2025-04-29T11:08:48,8.8,Restart LabSys Application Service,knowledge_article,RG-001,KA-014,1,0.96,SYNTHETIC_BENCHMARK
RDS-5078,PACSView,4.1,Performance,PACS image loading slow or hanging in radiology,2025-07-08T10:00:00,2025-07-08T10:43:42,43.7,2025-07-08T10:13:24,13.4,PACS Image Cache Purge and DICOM Router Cycle,knowledge_article,RG-002,KA-019,1,0.89,SYNTHETIC_BENCHMARK
RDS-5152,AuthGuard,2.8,Authentication,Clinical application SSO login failure across nursing stations,2025-05-11T19:00:00,2025-05-11T19:55:48,55.8,2025-05-11T19:23:12,23.2,AuthGuard LDAP Gateway Synchronizer Reset,knowledge_article,RG-004,KA-012,1,0.94,SYNTHETIC_BENCHMARK
RDS-5115,MedFlow,3.2,Application,Medication order entry frozen or queue not processing,2025-05-23T08:00:00,2025-05-23T08:35:30,35.5,2025-05-23T08:11:06,11.1,MedFlow Order Queue Clear and Process Recycle,knowledge_article,RG-003,KA-008,1,0.82,SYNTHETIC_BENCHMARK
RDS-5134,MedFlow,3.2,Application,Medication order entry frozen or queue not processing,2025-06-19T20:00:00,2025-06-19T20:48:00,48.0,2025-06-19T20:13:42,13.7,MedFlow Order Queue Clear and Process Recycle,knowledge_article,RG-003,KA-008,1,0.89,SYNTHETIC_BENCHMARK
RDS-5246,EHRCore,6.0,UI/Application,Patient registration screen freeze or hang during intake,2025-06-04T10:00:00,2025-06-04T10:23:18,23.3,2025-06-04T10:11:42,11.7,EHR Core UI Thread Recycling,knowledge_article,RG-005,KA-005,1,0.8,SYNTHETIC_BENCHMARK
RDS-5183,AuthGuard,2.8,Authentication,Clinical application SSO login failure across nursing stations,2025-06-22T19:00:00,2025-06-22T19:48:30,48.5,2025-06-22T19:19:36,19.6,AuthGuard LDAP Gateway Synchronizer Reset,knowledge_article,RG-004,KA-012,1,0.98,SYNTHETIC_BENCHMARK
RDS-5060,PACSView,4.1,Performance,PACS image loading slow or hanging in radiology,2025-02-02T08:00:00,2025-02-02T08:32:12,32.2,2025-02-02T08:20:48,20.8,PACS Image Cache Purge and DICOM Router Cycle,knowledge_article,RG-002,KA-019,1,0.96,SYNTHETIC_BENCHMARK
RDS-5102,MedFlow,3.2,Application,Medication order entry frozen or queue not processing,2025-06-09T10:00:00,2025-06-09T10:27:12,27.2,2025-06-09T10:14:12,14.2,MedFlow Order Queue Clear and Process Recycle,knowledge_article,RG-003,KA-008,1,0.98,SYNTHETIC_BENCHMARK
RDS-5017,LabSys,5.4,Application,Lab results not loading or displaying blank screen,2025-05-30T14:00:00,2025-05-30T14:42:12,42.2,2025-05-30T14:12:00,12.0,Restart LabSys Application Service,knowledge_article,RG-001,KA-014,1,1.0,SYNTHETIC_BENCHMARK
RDS-5045,LabSys,5.4,Application,Lab results not loading or displaying blank screen,2025-05-16T10:00:00,2025-05-16T10:19:30,19.5,2025-05-16T10:13:06,13.1,Restart LabSys Application Service,knowledge_article,RG-001,KA-014,1,0.72,SYNTHETIC_BENCHMARK
RDS-5300,HL7Router,3.5,Integration,HL7 message queue delayed or stuck in pending,2025-05-28T09:00:00,2025-05-28T09:34:24,34.4,2025-05-28T09:17:48,17.8,HL7 Router Queue Purge and Resend,knowledge_article,RG-006,KA-031,1,0.84,SYNTHETIC_BENCHMARK
RDS-5161,AuthGuard,2.8,Authentication,Clinical application SSO login failure across nursing stations,2025-04-12T18:00:00,2025-04-12T18:27:48,27.8,2025-04-12T18:16:18,16.3,AuthGuard LDAP Gateway Synchronizer Reset,knowledge_article,RG-004,KA-012,1,0.86,SYNTHETIC_BENCHMARK
RDS-5047,LabSys,5.4,Application,Lab results not loading or displaying blank screen,2025-05-29T17:00:00,2025-05-29T17:19:06,19.1,2025-05-29T17:08:48,8.8,Restart LabSys Application Service,knowledge_article,RG-001,KA-014,1,0.87,SYNTHETIC_BENCHMARK
RDS-5197,AuthGuard,2.8,Authentication,Clinical application SSO login failure across nursing stations,2025-02-03T08:00:00,2025-02-03T08:37:30,37.5,2025-02-03T08:22:12,22.2,AuthGuard LDAP Gateway Synchronizer Reset,knowledge_article,RG-004,KA-012,1,0.7,SYNTHETIC_BENCHMARK
RDS-5023,LabSys,5.4,Application,Lab results not loading or displaying blank screen,2025-02-15T16:00:00,2025-02-15T16:42:36,42.6,2025-02-15T16:16:42,16.7,Restart LabSys Application Service,knowledge_article,RG-001,KA-014,1,0.89,SYNTHETIC_BENCHMARK
RDS-5244,EHRCore,6.0,UI/Application,Patient registration screen freeze or hang during intake,2025-06-23T17:00:00,2025-06-23T17:16:18,16.3,2025-06-23T17:12:00,12.0,EHR Core UI Thread Recycling,knowledge_article,RG-005,KA-005,1,0.8,SYNTHETIC_BENCHMARK
RDS-5106,MedFlow,3.2,Application,Medication order entry frozen or queue not processing,2025-01-20T17:00:00,2025-01-20T17:40:42,40.7,2025-01-20T17:15:54,15.9,MedFlow Order Queue Clear and Process Recycle,knowledge_article,RG-003,KA-008,1,0.93,SYNTHETIC_BENCHMARK
RDS-5171,AuthGuard,2.8,Authentication,Clinical application SSO login failure across nursing stations,2025-02-20T14:00:00,2025-02-20T14:54:54,54.9,2025-02-20T14:13:24,13.4,AuthGuard LDAP Gateway Synchronizer Reset,knowledge_article,RG-004,KA-012,1,0.81,SYNTHETIC_BENCHMARK
RDS-5114,MedFlow,3.2,Application,Medication order entry frozen or queue not processing,2025-04-01T20:00:00,2025-04-01T20:27:48,27.8,2025-04-01T20:12:06,12.1,MedFlow Order Queue Clear and Process Recycle,knowledge_article,RG-003,KA-008,1,0.96,SYNTHETIC_BENCHMARK
RDS-5137,MedFlow,3.2,Application,Medication order entry frozen or queue not processing,2025-03-11T16:00:00,2025-03-11T16:36:12,36.2,2025-03-11T16:13:48,13.8,MedFlow Order Queue Clear and Process Recycle,knowledge_article,RG-003,KA-008,1,0.97,SYNTHETIC_BENCHMARK
RDS-5239,EHRCore,6.0,UI/Application,Patient registration screen freeze or hang during intake,2025-04-09T15:00:00,2025-04-09T15:29:30,29.5,2025-04-09T15:14:36,14.6,EHR Core UI Thread Recycling,knowledge_article,RG-005,KA-005,1,0.71,SYNTHETIC_BENCHMARK
RDS-5097,PACSView,4.1,Performance,PACS image loading slow or hanging in radiology,2025-06-01T17:00:00,2025-06-01T17:43:54,43.9,2025-06-01T17:11:00,11.0,PACS Image Cache Purge and DICOM Router Cycle,knowledge_article,RG-002,KA-019,1,0.96,SYNTHETIC_BENCHMARK
RDS-5242,EHRCore,6.0,UI/Application,Patient registration screen freeze or hang during intake,2025-06-15T10:00:00,2025-06-15T10:16:00,16.0,2025-06-15T10:12:42,12.7,EHR Core UI Thread Recycling,knowledge_article,RG-005,KA-005,0,0.36,SYNTHETIC_BENCHMARK
RDS-5151,AuthGuard,2.8,Authentication,Clinical application SSO login failure across nursing stations,2025-05-04T15:00:00,2025-05-04T15:33:30,33.5,2025-05-04T15:19:12,19.2,AuthGuard LDAP Gateway Synchronizer Reset,knowledge_article,RG-004,KA-012,1,0.98,SYNTHETIC_BENCHMARK
RDS-5189,AuthGuard,2.8,Authentication,Clinical application SSO login failure across nursing stations,2025-04-17T18:00:00,2025-04-17T18:28:30,28.5,2025-04-17T18:18:24,18.4,AuthGuard LDAP Gateway Synchronizer Reset,knowledge_article,RG-004,KA-012,1,0.99,SYNTHETIC_BENCHMARK
RDS-5181,AuthGuard,2.8,Authentication,Clinical application SSO login failure across nursing stations,2025-02-27T18:00:00,2025-02-27T18:50:18,50.3,2025-02-27T18:24:42,24.7,AuthGuard LDAP Gateway Synchronizer Reset,knowledge_article,RG-004,KA-012,0,0.44,SYNTHETIC_BENCHMARK
RDS-5257,HL7Router,3.5,Integration,HL7 message queue delayed or stuck in pending,2025-02-19T13:00:00,2025-02-19T13:53:42,53.7,2025-02-19T13:21:36,21.6,HL7 Router Queue Purge and Resend,knowledge_article,RG-006,KA-031,1,0.93,SYNTHETIC_BENCHMARK
RDS-5070,PACSView,4.1,Performance,PACS image loading slow or hanging in radiology,2025-06-05T16:00:00,2025-06-05T16:25:48,25.8,2025-06-05T16:20:48,20.8,PACS Image Cache Purge and DICOM Router Cycle,knowledge_article,RG-002,KA-019,1,0.71,SYNTHETIC_BENCHMARK
RDS-5018,LabSys,5.4,Application,Lab results not loading or displaying blank screen,2025-05-11T15:00:00,2025-05-11T15:20:30,20.5,2025-05-11T15:08:30,8.5,Restart LabSys Application Service,knowledge_article,RG-001,KA-014,1,0.89,SYNTHETIC_BENCHMARK
RDS-5008,LabSys,5.4,Application,Lab results not loading or displaying blank screen,2025-03-17T18:00:00,2025-03-17T18:34:42,34.7,2025-03-17T18:16:36,16.6,Restart LabSys Application Service,knowledge_article,RG-001,KA-014,1,0.91,SYNTHETIC_BENCHMARK
RDS-5147,MedFlow,3.2,Application,Medication order entry frozen or queue not processing,2025-02-03T12:00:00,2025-02-03T12:33:06,33.1,2025-02-03T12:16:42,16.7,MedFlow Order Queue Clear and Process Recycle,knowledge_article,RG-003,KA-008,1,0.99,SYNTHETIC_BENCHMARK
RDS-5241,EHRCore,6.0,UI/Application,Patient registration screen freeze or hang during intake,2025-04-26T09:00:00,2025-04-26T09:35:18,35.3,2025-04-26T09:13:42,13.7,EHR Core UI Thread Recycling,knowledge_article,RG-005,KA-005,0,0.23,SYNTHETIC_BENCHMARK
RDS-5071,PACSView,4.1,Performance,PACS image loading slow or hanging in radiology,2025-04-22T08:00:00,2025-04-22T08:39:12,39.2,2025-04-22T08:19:42,19.7,PACS Image Cache Purge and DICOM Router Cycle,knowledge_article,RG-002,KA-019,1,0.98,SYNTHETIC_BENCHMARK
RDS-5027,LabSys,5.4,Application,Lab results not loading or displaying blank screen,2025-05-05T09:00:00,2025-05-05T09:44:24,44.4,2025-05-05T09:13:18,13.3,Restart LabSys Application Service,knowledge_article,RG-001,KA-014,1,0.9,SYNTHETIC_BENCHMARK
RDS-5240,EHRCore,6.0,UI/Application,Patient registration screen freeze or hang during intake,2025-05-27T18:00:00,2025-05-27T18:19:42,19.7,2025-05-27T18:11:48,11.8,EHR Core UI Thread Recycling,knowledge_article,RG-005,KA-005,1,0.99,SYNTHETIC_BENCHMARK
RDS-5020,LabSys,5.4,Application,Lab results not loading or displaying blank screen,2025-03-06T16:00:00,2025-03-06T16:41:12,41.2,2025-03-06T16:08:06,8.1,Restart LabSys Application Service,knowledge_article,RG-001,KA-014,1,0.9,SYNTHETIC_BENCHMARK
RDS-5179,AuthGuard,2.8,Authentication,Clinical application SSO login failure across nursing stations,2025-03-11T10:00:00,2025-03-11T10:34:00,34.0,2025-03-11T10:22:42,22.7,AuthGuard LDAP Gateway Synchronizer Reset,knowledge_article,RG-004,KA-012,1,0.94,SYNTHETIC_BENCHMARK
RDS-5200,AuthGuard,2.8,Authentication,Clinical application SSO login failure across nursing stations,2025-06-07T08:00:00,2025-06-07T08:50:30,50.5,2025-06-07T08:23:48,23.8,AuthGuard LDAP Gateway Synchronizer Reset,knowledge_article,RG-004,KA-012,1,0.79,SYNTHETIC_BENCHMARK
RDS-5057,PACSView,4.1,Performance,PACS image loading slow or hanging in radiology,2025-03-12T08:00:00,2025-03-12T08:22:06,22.1,2025-03-12T08:19:18,19.3,PACS Image Cache Purge and DICOM Router Cycle,knowledge_article,RG-002,KA-019,1,0.78,SYNTHETIC_BENCHMARK
RDS-5109,MedFlow,3.2,Application,Medication order entry frozen or queue not processing,2025-04-18T15:00:00,2025-04-18T15:23:12,23.2,2025-04-18T15:19:36,19.6,MedFlow Order Queue Clear and Process Recycle,knowledge_article,RG-003,KA-008,1,0.95,SYNTHETIC_BENCHMARK
RDS-5272,HL7Router,3.5,Integration,HL7 message queue delayed or stuck in pending,2025-05-10T16:00:00,2025-05-10T16:30:42,30.7,2025-05-10T16:26:06,26.1,HL7 Router Queue Purge and Resend,knowledge_article,RG-006,KA-031,1,0.82,SYNTHETIC_BENCHMARK
RDS-5110,MedFlow,3.2,Application,Medication order entry frozen or queue not processing,2025-07-01T10:00:00,2025-07-01T10:33:06,33.1,2025-07-01T10:17:06,17.1,MedFlow Order Queue Clear and Process Recycle,knowledge_article,RG-003,KA-008,0,0.28,SYNTHETIC_BENCHMARK
RDS-5092,PACSView,4.1,Performance,PACS image loading slow or hanging in radiology,2025-06-28T08:00:00,2025-06-28T08:50:18,50.3,2025-06-28T08:19:12,19.2,PACS Image Cache Purge and DICOM Router Cycle,knowledge_article,RG-002,KA-019,1,0.7,SYNTHETIC_BENCHMARK
RDS-5005,LabSys,5.4,Application,Lab results not loading or displaying blank screen,2025-02-10T19:00:00,2025-02-10T19:29:24,29.4,2025-02-10T19:10:48,10.8,Restart LabSys Application Service,knowledge_article,RG-001,KA-014,1,0.93,SYNTHETIC_BENCHMARK
RDS-5219,EHRCore,6.0,UI/Application,Patient registration screen freeze or hang during intake,2025-06-02T09:00:00,2025-06-02T09:37:06,37.1,2025-06-02T09:08:12,8.2,EHR Core UI Thread Recycling,knowledge_article,RG-005,KA-005,1,0.71,SYNTHETIC_BENCHMARK
RDS-5157,AuthGuard,2.8,Authentication,Clinical application SSO login failure across nursing stations,2025-03-23T19:00:00,2025-03-23T19:41:36,41.6,2025-03-23T19:23:54,23.9,AuthGuard LDAP Gateway Synchronizer Reset,knowledge_article,RG-004,KA-012,1,1.0,SYNTHETIC_BENCHMARK
RDS-5202,EHRCore,6.0,UI/Application,Patient registration screen freeze or hang during intake,2025-05-06T19:00:00,2025-05-06T19:37:42,37.7,2025-05-06T19:07:36,7.6,EHR Core UI Thread Recycling,knowledge_article,RG-005,KA-005,1,0.88,SYNTHETIC_BENCHMARK
RDS-5080,PACSView,4.1,Performance,PACS image loading slow or hanging in radiology,2025-01-12T11:00:00,2025-01-12T11:54:30,54.5,2025-01-12T11:17:18,17.3,PACS Image Cache Purge and DICOM Router Cycle,knowledge_article,RG-002,KA-019,1,0.84,SYNTHETIC_BENCHMARK
RDS-5238,EHRCore,6.0,UI/Application,Patient registration screen freeze or hang during intake,2025-03-15T09:00:00,2025-03-15T09:31:06,31.1,2025-03-15T09:14:48,14.8,EHR Core UI Thread Recycling,knowledge_article,RG-005,KA-005,1,0.88,SYNTHETIC_BENCHMARK
RDS-5170,AuthGuard,2.8,Authentication,Clinical application SSO login failure across nursing stations,2025-05-31T12:00:00,2025-05-31T12:47:24,47.4,2025-05-31T12:17:30,17.5,AuthGuard LDAP Gateway Synchronizer Reset,knowledge_article,RG-004,KA-012,1,0.95,SYNTHETIC_BENCHMARK
RDS-5267,HL7Router,3.5,Integration,HL7 message queue delayed or stuck in pending,2025-05-16T14:00:00,2025-05-16T14:33:54,33.9,2025-05-16T14:17:18,17.3,HL7 Router Queue Purge and Resend,knowledge_article,RG-006,KA-031,1,0.71,SYNTHETIC_BENCHMARK
RDS-5232,EHRCore,6.0,UI/Application,Patient registration screen freeze or hang during intake,2025-03-31T19:00:00,2025-03-31T19:39:00,39.0,2025-03-31T19:12:12,12.2,EHR Core UI Thread Recycling,knowledge_article,RG-005,KA-005,1,0.73,SYNTHETIC_BENCHMARK
RDS-5205,EHRCore,6.0,UI/Application,Patient registration screen freeze or hang during intake,2025-01-30T18:00:00,2025-01-30T18:31:18,31.3,2025-01-30T18:13:12,13.2,EHR Core UI Thread Recycling,knowledge_article,RG-005,KA-005,1,0.76,SYNTHETIC_BENCHMARK
RDS-5007,LabSys,5.4,Application,Lab results not loading or displaying blank screen,2025-01-12T19:00:00,2025-01-12T19:30:24,30.4,2025-01-12T19:09:12,9.2,Restart LabSys Application Service,knowledge_article,RG-001,KA-014,1,0.72,SYNTHETIC_BENCHMARK
RDS-5030,LabSys,5.4,Application,Lab results not loading or displaying blank screen,2025-06-16T13:00:00,2025-06-16T13:29:48,29.8,2025-06-16T13:13:12,13.2,Restart LabSys Application Service,knowledge_article,RG-001,KA-014,1,0.77,SYNTHETIC_BENCHMARK
RDS-5210,EHRCore,6.0,UI/Application,Patient registration screen freeze or hang during intake,2025-06-21T09:00:00,2025-06-21T09:25:18,25.3,2025-06-21T09:14:00,14.0,EHR Core UI Thread Recycling,knowledge_article,RG-005,KA-005,0,0.33,SYNTHETIC_BENCHMARK
RDS-5140,MedFlow,3.2,Application,Medication order entry frozen or queue not processing,2025-01-11T20:00:00,2025-01-11T20:42:42,42.7,2025-01-11T20:14:12,14.2,MedFlow Order Queue Clear and Process Recycle,knowledge_article,RG-003,KA-008,1,0.97,SYNTHETIC_BENCHMARK
RDS-5139,MedFlow,3.2,Application,Medication order entry frozen or queue not processing,2025-05-28T17:00:00,2025-05-28T17:48:30,48.5,2025-05-28T17:20:00,20.0,MedFlow Order Queue Clear and Process Recycle,knowledge_article,RG-003,KA-008,1,0.78,SYNTHETIC_BENCHMARK
RDS-5228,EHRCore,6.0,UI/Application,Patient registration screen freeze or hang during intake,2025-01-06T13:00:00,2025-01-06T13:19:18,19.3,2025-01-06T13:14:36,14.6,EHR Core UI Thread Recycling,knowledge_article,RG-005,KA-005,1,0.91,SYNTHETIC_BENCHMARK
RDS-5172,AuthGuard,2.8,Authentication,Clinical application SSO login failure across nursing stations,2025-03-17T19:00:00,2025-03-17T19:35:18,35.3,2025-03-17T19:24:42,24.7,AuthGuard LDAP Gateway Synchronizer Reset,knowledge_article,RG-004,KA-012,1,0.78,SYNTHETIC_BENCHMARK
RDS-5250,EHRCore,6.0,UI/Application,Patient registration screen freeze or hang during intake,2025-01-05T13:00:00,2025-01-05T13:22:42,22.7,2025-01-05T13:14:36,14.6,EHR Core UI Thread Recycling,knowledge_article,RG-005,KA-005,1,0.93,SYNTHETIC_BENCHMARK
RDS-5004,LabSys,5.4,Application,Lab results not loading or displaying blank screen,2025-05-20T14:00:00,2025-05-20T14:24:00,24.0,2025-05-20T14:13:54,13.9,Restart LabSys Application Service,knowledge_article,RG-001,KA-014,1,0.7,SYNTHETIC_BENCHMARK
RDS-5203,EHRCore,6.0,UI/Application,Patient registration screen freeze or hang during intake,2025-01-17T10:00:00,2025-01-17T10:21:54,21.9,2025-01-17T10:12:06,12.1,EHR Core UI Thread Recycling,knowledge_article,RG-005,KA-005,1,0.8,SYNTHETIC_BENCHMARK
RDS-5230,EHRCore,6.0,UI/Application,Patient registration screen freeze or hang during intake,2025-01-21T14:00:00,2025-01-21T14:36:48,36.8,2025-01-21T14:13:00,13.0,EHR Core UI Thread Recycling,knowledge_article,RG-005,KA-005,1,0.93,SYNTHETIC_BENCHMARK
RDS-5160,AuthGuard,2.8,Authentication,Clinical application SSO login failure across nursing stations,2025-06-17T10:00:00,2025-06-17T10:27:36,27.6,2025-06-17T10:22:12,22.2,AuthGuard LDAP Gateway Synchronizer Reset,knowledge_article,RG-004,KA-012,1,0.89,SYNTHETIC_BENCHMARK
RDS-5040,LabSys,5.4,Application,Lab results not loading or displaying blank screen,2025-07-12T11:00:00,2025-07-12T11:22:30,22.5,2025-07-12T11:12:54,12.9,Restart LabSys Application Service,knowledge_article,RG-001,KA-014,1,0.82,SYNTHETIC_BENCHMARK
RDS-5212,EHRCore,6.0,UI/Application,Patient registration screen freeze or hang during intake,2025-02-24T10:00:00,2025-02-24T10:31:24,31.4,2025-02-24T10:08:48,8.8,EHR Core UI Thread Recycling,knowledge_article,RG-005,KA-005,1,0.95,SYNTHETIC_BENCHMARK
RDS-5054,PACSView,4.1,Performance,PACS image loading slow or hanging in radiology,2025-02-04T12:00:00,2025-02-04T12:25:48,25.8,2025-02-04T12:11:18,11.3,PACS Image Cache Purge and DICOM Router Cycle,knowledge_article,RG-002,KA-019,1,0.78,SYNTHETIC_BENCHMARK
RDS-5282,HL7Router,3.5,Integration,HL7 message queue delayed or stuck in pending,2025-05-13T12:00:00,2025-05-13T12:58:00,58.0,2025-05-13T12:23:54,23.9,HL7 Router Queue Purge and Resend,knowledge_article,RG-006,KA-031,1,0.88,SYNTHETIC_BENCHMARK
RDS-5163,AuthGuard,2.8,Authentication,Clinical application SSO login failure across nursing stations,2025-01-18T11:00:00,2025-01-18T11:47:06,47.1,2025-01-18T11:24:00,24.0,AuthGuard LDAP Gateway Synchronizer Reset,knowledge_article,RG-004,KA-012,0,0.42,SYNTHETIC_BENCHMARK
RDS-5043,LabSys,5.4,Application,Lab results not loading or displaying blank screen,2025-07-03T15:00:00,2025-07-03T15:22:12,22.2,2025-07-03T15:11:00,11.0,Restart LabSys Application Service,knowledge_article,RG-001,KA-014,0,0.37,SYNTHETIC_BENCHMARK
RDS-5273,HL7Router,3.5,Integration,HL7 message queue delayed or stuck in pending,2025-04-06T12:00:00,2025-04-06T12:56:12,56.2,2025-04-06T12:18:24,18.4,HL7 Router Queue Purge and Resend,knowledge_article,RG-006,KA-031,1,0.77,SYNTHETIC_BENCHMARK
RDS-5174,AuthGuard,2.8,Authentication,Clinical application SSO login failure across nursing stations,2025-03-15T20:00:00,2025-03-15T20:53:00,53.0,2025-03-15T20:19:54,19.9,AuthGuard LDAP Gateway Synchronizer Reset,knowledge_article,RG-004,KA-012,1,0.89,SYNTHETIC_BENCHMARK
RDS-5105,MedFlow,3.2,Application,Medication order entry frozen or queue not processing,2025-03-21T17:00:00,2025-03-21T17:40:18,40.3,2025-03-21T17:19:30,19.5,MedFlow Order Queue Clear and Process Recycle,knowledge_article,RG-003,KA-008,1,0.91,SYNTHETIC_BENCHMARK
RDS-5061,PACSView,4.1,Performance,PACS image loading slow or hanging in radiology,2025-04-02T11:00:00,2025-04-02T11:44:30,44.5,2025-04-02T11:18:00,18.0,PACS Image Cache Purge and DICOM Router Cycle,knowledge_article,RG-002,KA-019,1,0.87,SYNTHETIC_BENCHMARK
RDS-5133,MedFlow,3.2,Application,Medication order entry frozen or queue not processing,2025-04-27T09:00:00,2025-04-27T09:40:36,40.6,2025-04-27T09:19:12,19.2,MedFlow Order Queue Clear and Process Recycle,knowledge_article,RG-003,KA-008,1,0.89,SYNTHETIC_BENCHMARK
RDS-5182,AuthGuard,2.8,Authentication,Clinical application SSO login failure across nursing stations,2025-04-04T09:00:00,2025-04-04T09:52:42,52.7,2025-04-04T09:12:12,12.2,AuthGuard LDAP Gateway Synchronizer Reset,knowledge_article,RG-004,KA-012,1,0.84,SYNTHETIC_BENCHMARK
RDS-5204,EHRCore,6.0,UI/Application,Patient registration screen freeze or hang during intake,2025-06-02T16:00:00,2025-06-02T16:22:24,22.4,2025-06-02T16:11:00,11.0,EHR Core UI Thread Recycling,knowledge_article,RG-005,KA-005,1,0.94,SYNTHETIC_BENCHMARK
RDS-5259,HL7Router,3.5,Integration,HL7 message queue delayed or stuck in pending,2025-06-04T10:00:00,2025-06-04T11:00:36,60.6,2025-06-04T10:13:48,13.8,HL7 Router Queue Purge and Resend,knowledge_article,RG-006,KA-031,1,0.81,SYNTHETIC_BENCHMARK
RDS-5218,EHRCore,6.0,UI/Application,Patient registration screen freeze or hang during intake,2025-04-27T13:00:00,2025-04-27T13:18:54,18.9,2025-04-27T13:09:30,9.5,EHR Core UI Thread Recycling,knowledge_article,RG-005,KA-005,1,0.98,SYNTHETIC_BENCHMARK
RDS-5298,HL7Router,3.5,Integration,HL7 message queue delayed or stuck in pending,2025-04-05T15:00:00,2025-04-05T15:58:06,58.1,2025-04-05T15:21:18,21.3,HL7 Router Queue Purge and Resend,knowledge_article,RG-006,KA-031,1,0.73,SYNTHETIC_BENCHMARK
RDS-5243,EHRCore,6.0,UI/Application,Patient registration screen freeze or hang during intake,2025-06-06T10:00:00,2025-06-06T10:24:06,24.1,2025-06-06T10:14:18,14.3,EHR Core UI Thread Recycling,knowledge_article,RG-005,KA-005,1,0.93,SYNTHETIC_BENCHMARK
RDS-5276,HL7Router,3.5,Integration,HL7 message queue delayed or stuck in pending,2025-06-28T15:00:00,2025-06-28T15:52:06,52.1,2025-06-28T15:25:12,25.2,HL7 Router Queue Purge and Resend,knowledge_article,RG-006,KA-031,1,0.93,SYNTHETIC_BENCHMARK
RDS-5044,LabSys,5.4,Application,Lab results not loading or displaying blank screen,2025-05-19T08:00:00,2025-05-19T08:38:12,38.2,2025-05-19T08:08:36,8.6,Restart LabSys Application Service,knowledge_article,RG-001,KA-014,1,0.85,SYNTHETIC_BENCHMARK
RDS-5076,PACSView,4.1,Performance,PACS image loading slow or hanging in radiology,2025-05-21T08:00:00,2025-05-21T08:32:00,32.0,2025-05-21T08:12:30,12.5,PACS Image Cache Purge and DICOM Router Cycle,knowledge_article,RG-002,KA-019,1,0.88,SYNTHETIC_BENCHMARK
RDS-5180,AuthGuard,2.8,Authentication,Clinical application SSO login failure across nursing stations,2025-07-11T13:00:00,2025-07-11T13:53:06,53.1,2025-07-11T13:18:06,18.1,AuthGuard LDAP Gateway Synchronizer Reset,knowledge_article,RG-004,KA-012,1,0.93,SYNTHETIC_BENCHMARK
RDS-5209,EHRCore,6.0,UI/Application,Patient registration screen freeze or hang during intake,2025-04-06T20:00:00,2025-04-06T20:18:18,18.3,2025-04-06T20:07:30,7.5,EHR Core UI Thread Recycling,knowledge_article,RG-005,KA-005,0,0.37,SYNTHETIC_BENCHMARK
RDS-5226,EHRCore,6.0,UI/Application,Patient registration screen freeze or hang during intake,2025-04-12T19:00:00,2025-04-12T19:16:06,16.1,2025-04-12T19:07:06,7.1,EHR Core UI Thread Recycling,knowledge_article,RG-005,KA-005,1,0.96,SYNTHETIC_BENCHMARK
RDS-5227,EHRCore,6.0,UI/Application,Patient registration screen freeze or hang during intake,2025-05-28T14:00:00,2025-05-28T14:29:18,29.3,2025-05-28T14:12:42,12.7,EHR Core UI Thread Recycling,knowledge_article,RG-005,KA-005,1,0.73,SYNTHETIC_BENCHMARK
RDS-5159,AuthGuard,2.8,Authentication,Clinical application SSO login failure across nursing stations,2025-01-26T15:00:00,2025-01-26T15:28:30,28.5,2025-01-26T15:23:48,23.8,AuthGuard LDAP Gateway Synchronizer Reset,knowledge_article,RG-004,KA-012,1,0.74,SYNTHETIC_BENCHMARK
RDS-5021,LabSys,5.4,Application,Lab results not loading or displaying blank screen,2025-05-18T20:00:00,2025-05-18T20:25:12,25.2,2025-05-18T20:14:24,14.4,Restart LabSys Application Service,knowledge_article,RG-001,KA-014,1,0.83,SYNTHETIC_BENCHMARK
RDS-5294,HL7Router,3.5,Integration,HL7 message queue delayed or stuck in pending,2025-04-24T09:00:00,2025-04-24T09:58:24,58.4,2025-04-24T09:27:30,27.5,HL7 Router Queue Purge and Resend,knowledge_article,RG-006,KA-031,0,0.4,SYNTHETIC_BENCHMARK
RDS-5206,EHRCore,6.0,UI/Application,Patient registration screen freeze or hang during intake,2025-04-26T11:00:00,2025-04-26T11:25:18,25.3,2025-04-26T11:13:36,13.6,EHR Core UI Thread Recycling,knowledge_article,RG-005,KA-005,1,0.92,SYNTHETIC_BENCHMARK
RDS-5135,MedFlow,3.2,Application,Medication order entry frozen or queue not processing,2025-03-10T10:00:00,2025-03-10T10:22:06,22.1,2025-03-10T10:10:48,10.8,MedFlow Order Queue Clear and Process Recycle,knowledge_article,RG-003,KA-008,1,0.92,SYNTHETIC_BENCHMARK
RDS-5039,LabSys,5.4,Application,Lab results not loading or displaying blank screen,2025-01-26T08:00:00,2025-01-26T08:35:36,35.6,2025-01-26T08:13:24,13.4,Restart LabSys Application Service,knowledge_article,RG-001,KA-014,1,0.73,SYNTHETIC_BENCHMARK
RDS-5249,EHRCore,6.0,UI/Application,Patient registration screen freeze or hang during intake,2025-07-09T18:00:00,2025-07-09T18:37:48,37.8,2025-07-09T18:07:42,7.7,EHR Core UI Thread Recycling,knowledge_article,RG-005,KA-005,1,0.85,SYNTHETIC_BENCHMARK
RDS-5122,MedFlow,3.2,Application,Medication order entry frozen or queue not processing,2025-01-26T11:00:00,2025-01-26T11:28:54,28.9,2025-01-26T11:13:00,13.0,MedFlow Order Queue Clear and Process Recycle,knowledge_article,RG-003,KA-008,1,0.91,SYNTHETIC_BENCHMARK
RDS-5086,PACSView,4.1,Performance,PACS image loading slow or hanging in radiology,2025-05-10T14:00:00,2025-05-10T14:49:24,49.4,2025-05-10T14:16:36,16.6,PACS Image Cache Purge and DICOM Router Cycle,knowledge_article,RG-002,KA-019,0,0.42,SYNTHETIC_BENCHMARK
RDS-5036,LabSys,5.4,Application,Lab results not loading or displaying blank screen,2025-06-22T18:00:00,2025-06-22T18:44:36,44.6,2025-06-22T18:09:00,9.0,Restart LabSys Application Service,knowledge_article,RG-001,KA-014,1,0.8,SYNTHETIC_BENCHMARK
RDS-5010,LabSys,5.4,Application,Lab results not loading or displaying blank screen,2025-01-26T14:00:00,2025-01-26T14:25:30,25.5,2025-01-26T14:14:24,14.4,Restart LabSys Application Service,knowledge_article,RG-001,KA-014,1,0.81,SYNTHETIC_BENCHMARK
RDS-5285,HL7Router,3.5,Integration,HL7 message queue delayed or stuck in pending,2025-07-06T13:00:00,2025-07-06T13:51:30,51.5,2025-07-06T13:19:30,19.5,HL7 Router Queue Purge and Resend,knowledge_article,RG-006,KA-031,1,0.94,SYNTHETIC_BENCHMARK
RDS-5011,LabSys,5.4,Application,Lab results not loading or displaying blank screen,2025-02-23T18:00:00,2025-02-23T18:25:12,25.2,2025-02-23T18:17:24,17.4,Restart LabSys Application Service,knowledge_article,RG-001,KA-014,1,0.88,SYNTHETIC_BENCHMARK
RDS-5279,HL7Router,3.5,Integration,HL7 message queue delayed or stuck in pending,2025-06-15T11:00:00,2025-06-15T11:40:00,40.0,2025-06-15T11:25:54,25.9,HL7 Router Queue Purge and Resend,knowledge_article,RG-006,KA-031,1,0.9,SYNTHETIC_BENCHMARK
RDS-5165,AuthGuard,2.8,Authentication,Clinical application SSO login failure across nursing stations,2025-03-18T08:00:00,2025-03-18T08:26:36,26.6,2025-03-18T08:22:18,22.3,AuthGuard LDAP Gateway Synchronizer Reset,knowledge_article,RG-004,KA-012,1,0.81,SYNTHETIC_BENCHMARK
RDS-5131,MedFlow,3.2,Application,Medication order entry frozen or queue not processing,2025-02-10T11:00:00,2025-02-10T11:25:12,25.2,2025-02-10T11:09:48,9.8,MedFlow Order Queue Clear and Process Recycle,knowledge_article,RG-003,KA-008,1,0.84,SYNTHETIC_BENCHMARK
RDS-5051,PACSView,4.1,Performance,PACS image loading slow or hanging in radiology,2025-03-09T10:00:00,2025-03-09T10:52:48,52.8,2025-03-09T10:20:36,20.6,PACS Image Cache Purge and DICOM Router Cycle,knowledge_article,RG-002,KA-019,1,0.81,SYNTHETIC_BENCHMARK
RDS-5215,EHRCore,6.0,UI/Application,Patient registration screen freeze or hang during intake,2025-06-27T12:00:00,2025-06-27T12:15:42,15.7,2025-06-27T12:09:12,9.2,EHR Core UI Thread Recycling,knowledge_article,RG-005,KA-005,1,0.98,SYNTHETIC_BENCHMARK
RDS-5167,AuthGuard,2.8,Authentication,Clinical application SSO login failure across nursing stations,2025-01-21T17:00:00,2025-01-21T17:55:30,55.5,2025-01-21T17:20:06,20.1,AuthGuard LDAP Gateway Synchronizer Reset,knowledge_article,RG-004,KA-012,1,0.97,SYNTHETIC_BENCHMARK
RDS-5143,MedFlow,3.2,Application,Medication order entry frozen or queue not processing,2025-05-07T12:00:00,2025-05-07T12:39:54,39.9,2025-05-07T12:13:24,13.4,MedFlow Order Queue Clear and Process Recycle,knowledge_article,RG-003,KA-008,1,0.71,SYNTHETIC_BENCHMARK
RDS-5271,HL7Router,3.5,Integration,HL7 message queue delayed or stuck in pending,2025-01-22T16:00:00,2025-01-22T17:04:06,64.1,2025-01-22T16:14:00,14.0,HL7 Router Queue Purge and Resend,knowledge_article,RG-006,KA-031,1,0.85,SYNTHETIC_BENCHMARK
RDS-5096,PACSView,4.1,Performance,PACS image loading slow or hanging in radiology,2025-02-12T15:00:00,2025-02-12T15:52:18,52.3,2025-02-12T15:21:48,21.8,PACS Image Cache Purge and DICOM Router Cycle,knowledge_article,RG-002,KA-019,1,0.97,SYNTHETIC_BENCHMARK
RDS-5191,AuthGuard,2.8,Authentication,Clinical application SSO login failure across nursing stations,2025-01-26T18:00:00,2025-01-26T18:37:54,37.9,2025-01-26T18:23:42,23.7,AuthGuard LDAP Gateway Synchronizer Reset,knowledge_article,RG-004,KA-012,1,0.72,SYNTHETIC_BENCHMARK
RDS-5261,HL7Router,3.5,Integration,HL7 message queue delayed or stuck in pending,2025-03-11T15:00:00,2025-03-11T16:01:42,61.7,2025-03-11T15:15:12,15.2,HL7 Router Queue Purge and Resend,knowledge_article,RG-006,KA-031,1,0.98,SYNTHETIC_BENCHMARK
RDS-5033,LabSys,5.4,Application,Lab results not loading or displaying blank screen,2025-03-02T12:00:00,2025-03-02T12:36:06,36.1,2025-03-02T12:10:06,10.1,Restart LabSys Application Service,knowledge_article,RG-001,KA-014,1,0.98,SYNTHETIC_BENCHMARK
RDS-5031,LabSys,5.4,Application,Lab results not loading or displaying blank screen,2025-03-28T08:00:00,2025-03-28T08:33:54,33.9,2025-03-28T08:10:18,10.3,Restart LabSys Application Service,knowledge_article,RG-001,KA-014,1,0.72,SYNTHETIC_BENCHMARK
RDS-5072,PACSView,4.1,Performance,PACS image loading slow or hanging in radiology,2025-07-08T18:00:00,2025-07-08T18:28:30,28.5,2025-07-08T18:15:12,15.2,PACS Image Cache Purge and DICOM Router Cycle,knowledge_article,RG-002,KA-019,0,0.48,SYNTHETIC_BENCHMARK
RDS-5277,HL7Router,3.5,Integration,HL7 message queue delayed or stuck in pending,2025-04-28T08:00:00,2025-04-28T08:40:18,40.3,2025-04-28T08:13:42,13.7,HL7 Router Queue Purge and Resend,knowledge_article,RG-006,KA-031,1,0.71,SYNTHETIC_BENCHMARK
RDS-5217,EHRCore,6.0,UI/Application,Patient registration screen freeze or hang during intake,2025-07-09T18:00:00,2025-07-09T18:39:18,39.3,2025-07-09T18:07:42,7.7,EHR Core UI Thread Recycling,knowledge_article,RG-005,KA-005,1,0.81,SYNTHETIC_BENCHMARK
RDS-5190,AuthGuard,2.8,Authentication,Clinical application SSO login failure across nursing stations,2025-01-09T19:00:00,2025-01-09T19:38:00,38.0,2025-01-09T19:17:48,17.8,AuthGuard LDAP Gateway Synchronizer Reset,knowledge_article,RG-004,KA-012,0,0.46,SYNTHETIC_BENCHMARK
RDS-5211,EHRCore,6.0,UI/Application,Patient registration screen freeze or hang during intake,2025-07-04T08:00:00,2025-07-04T08:39:12,39.2,2025-07-04T08:11:48,11.8,EHR Core UI Thread Recycling,knowledge_article,RG-005,KA-005,1,0.87,SYNTHETIC_BENCHMARK
RDS-5256,HL7Router,3.5,Integration,HL7 message queue delayed or stuck in pending,2025-04-25T11:00:00,2025-04-25T11:48:42,48.7,2025-04-25T11:17:36,17.6,HL7 Router Queue Purge and Resend,knowledge_article,RG-006,KA-031,1,0.84,SYNTHETIC_BENCHMARK
RDS-5252,HL7Router,3.5,Integration,HL7 message queue delayed or stuck in pending,2025-05-10T20:00:00,2025-05-10T20:48:54,48.9,2025-05-10T20:24:06,24.1,HL7 Router Queue Purge and Resend,knowledge_article,RG-006,KA-031,1,0.9,SYNTHETIC_BENCHMARK
RDS-5142,MedFlow,3.2,Application,Medication order entry frozen or queue not processing,2025-04-15T13:00:00,2025-04-15T13:29:36,29.6,2025-04-15T13:10:12,10.2,MedFlow Order Queue Clear and Process Recycle,knowledge_article,RG-003,KA-008,1,0.82,SYNTHETIC_BENCHMARK
RDS-5093,PACSView,4.1,Performance,PACS image loading slow or hanging in radiology,2025-04-01T12:00:00,2025-04-01T12:46:54,46.9,2025-04-01T12:20:12,20.2,PACS Image Cache Purge and DICOM Router Cycle,knowledge_article,RG-002,KA-019,0,0.33,SYNTHETIC_BENCHMARK
RDS-5050,LabSys,5.4,Application,Lab results not loading or displaying blank screen,2025-04-28T17:00:00,2025-04-28T17:45:00,45.0,2025-04-28T17:18:00,18.0,Restart LabSys Application Service,knowledge_article,RG-001,KA-014,1,0.76,SYNTHETIC_BENCHMARK
RDS-5224,EHRCore,6.0,UI/Application,Patient registration screen freeze or hang during intake,2025-03-16T13:00:00,2025-03-16T13:18:00,18.0,2025-03-16T13:11:00,11.0,EHR Core UI Thread Recycling,knowledge_article,RG-005,KA-005,1,0.74,SYNTHETIC_BENCHMARK
RDS-5281,HL7Router,3.5,Integration,HL7 message queue delayed or stuck in pending,2025-04-09T13:00:00,2025-04-09T14:04:06,64.1,2025-04-09T13:20:24,20.4,HL7 Router Queue Purge and Resend,knowledge_article,RG-006,KA-031,1,0.98,SYNTHETIC_BENCHMARK
RDS-5014,LabSys,5.4,Application,Lab results not loading or displaying blank screen,2025-02-28T08:00:00,2025-02-28T08:39:42,39.7,2025-02-28T08:12:00,12.0,Restart LabSys Application Service,knowledge_article,RG-001,KA-014,1,0.97,SYNTHETIC_BENCHMARK
RDS-5229,EHRCore,6.0,UI/Application,Patient registration screen freeze or hang during intake,2025-04-03T09:00:00,2025-04-03T09:25:54,25.9,2025-04-03T09:07:48,7.8,EHR Core UI Thread Recycling,knowledge_article,RG-005,KA-005,1,0.82,SYNTHETIC_BENCHMARK
RDS-5012,LabSys,5.4,Application,Lab results not loading or displaying blank screen,2025-02-13T16:00:00,2025-02-13T16:37:42,37.7,2025-02-13T16:09:36,9.6,Restart LabSys Application Service,knowledge_article,RG-001,KA-014,1,1.0,SYNTHETIC_BENCHMARK
RDS-5169,AuthGuard,2.8,Authentication,Clinical application SSO login failure across nursing stations,2025-04-30T12:00:00,2025-04-30T12:48:42,48.7,2025-04-30T12:14:06,14.1,AuthGuard LDAP Gateway Synchronizer Reset,knowledge_article,RG-004,KA-012,1,0.8,SYNTHETIC_BENCHMARK
RDS-5251,HL7Router,3.5,Integration,HL7 message queue delayed or stuck in pending,2025-02-19T11:00:00,2025-02-19T12:05:00,65.0,2025-02-19T11:15:18,15.3,HL7 Router Queue Purge and Resend,knowledge_article,RG-006,KA-031,1,0.94,SYNTHETIC_BENCHMARK
RDS-5296,HL7Router,3.5,Integration,HL7 message queue delayed or stuck in pending,2025-07-01T19:00:00,2025-07-01T19:52:18,52.3,2025-07-01T19:24:54,24.9,HL7 Router Queue Purge and Resend,knowledge_article,RG-006,KA-031,1,0.74,SYNTHETIC_BENCHMARK
RDS-5068,PACSView,4.1,Performance,PACS image loading slow or hanging in radiology,2025-03-26T08:00:00,2025-03-26T08:25:48,25.8,2025-03-26T08:21:36,21.6,PACS Image Cache Purge and DICOM Router Cycle,knowledge_article,RG-002,KA-019,1,0.99,SYNTHETIC_BENCHMARK
RDS-5035,LabSys,5.4,Application,Lab results not loading or displaying blank screen,2025-01-25T18:00:00,2025-01-25T18:29:36,29.6,2025-01-25T18:12:12,12.2,Restart LabSys Application Service,knowledge_article,RG-001,KA-014,1,0.92,SYNTHETIC_BENCHMARK
RDS-5111,MedFlow,3.2,Application,Medication order entry frozen or queue not processing,2025-05-18T20:00:00,2025-05-18T20:34:30,34.5,2025-05-18T20:13:48,13.8,MedFlow Order Queue Clear and Process Recycle,knowledge_article,RG-003,KA-008,1,0.78,SYNTHETIC_BENCHMARK
RDS-5223,EHRCore,6.0,UI/Application,Patient registration screen freeze or hang during intake,2025-01-15T08:00:00,2025-01-15T08:20:06,20.1,2025-01-15T08:14:36,14.6,EHR Core UI Thread Recycling,knowledge_article,RG-005,KA-005,1,0.93,SYNTHETIC_BENCHMARK
RDS-5003,LabSys,5.4,Application,Lab results not loading or displaying blank screen,2025-02-25T11:00:00,2025-02-25T11:31:36,31.6,2025-02-25T11:08:18,8.3,Restart LabSys Application Service,knowledge_article,RG-001,KA-014,1,0.89,SYNTHETIC_BENCHMARK
RDS-5138,MedFlow,3.2,Application,Medication order entry frozen or queue not processing,2025-07-08T13:00:00,2025-07-08T13:38:06,38.1,2025-07-08T13:09:18,9.3,MedFlow Order Queue Clear and Process Recycle,knowledge_article,RG-003,KA-008,1,0.9,SYNTHETIC_BENCHMARK
RDS-5074,PACSView,4.1,Performance,PACS image loading slow or hanging in radiology,2025-06-20T14:00:00,2025-06-20T14:32:48,32.8,2025-06-20T14:18:24,18.4,PACS Image Cache Purge and DICOM Router Cycle,knowledge_article,RG-002,KA-019,1,0.76,SYNTHETIC_BENCHMARK
RDS-5121,MedFlow,3.2,Application,Medication order entry frozen or queue not processing,2025-07-09T15:00:00,2025-07-09T15:28:18,28.3,2025-07-09T15:15:30,15.5,MedFlow Order Queue Clear and Process Recycle,knowledge_article,RG-003,KA-008,1,0.88,SYNTHETIC_BENCHMARK
RDS-5268,HL7Router,3.5,Integration,HL7 message queue delayed or stuck in pending,2025-04-18T18:00:00,2025-04-18T18:57:48,57.8,2025-04-18T18:19:54,19.9,HL7 Router Queue Purge and Resend,knowledge_article,RG-006,KA-031,1,0.97,SYNTHETIC_BENCHMARK
RDS-5168,AuthGuard,2.8,Authentication,Clinical application SSO login failure across nursing stations,2025-02-06T11:00:00,2025-02-06T11:41:06,41.1,2025-02-06T11:15:18,15.3,AuthGuard LDAP Gateway Synchronizer Reset,knowledge_article,RG-004,KA-012,1,0.7,SYNTHETIC_BENCHMARK
RDS-5153,AuthGuard,2.8,Authentication,Clinical application SSO login failure across nursing stations,2025-04-17T13:00:00,2025-04-17T13:57:42,57.7,2025-04-17T13:18:36,18.6,AuthGuard LDAP Gateway Synchronizer Reset,knowledge_article,RG-004,KA-012,1,0.78,SYNTHETIC_BENCHMARK
RDS-5127,MedFlow,3.2,Application,Medication order entry frozen or queue not processing,2025-05-25T12:00:00,2025-05-25T12:22:36,22.6,2025-05-25T12:11:42,11.7,MedFlow Order Queue Clear and Process Recycle,knowledge_article,RG-003,KA-008,1,0.82,SYNTHETIC_BENCHMARK
RDS-5073,PACSView,4.1,Performance,PACS image loading slow or hanging in radiology,2025-06-09T13:00:00,2025-06-09T13:43:54,43.9,2025-06-09T13:11:30,11.5,PACS Image Cache Purge and DICOM Router Cycle,knowledge_article,RG-002,KA-019,0,0.35,SYNTHETIC_BENCHMARK
RDS-5234,EHRCore,6.0,UI/Application,Patient registration screen freeze or hang during intake,2025-07-17T18:00:00,2025-07-17T18:27:24,27.4,2025-07-17T18:13:00,13.0,EHR Core UI Thread Recycling,knowledge_article,RG-005,KA-005,1,0.83,SYNTHETIC_BENCHMARK
RDS-5213,EHRCore,6.0,UI/Application,Patient registration screen freeze or hang during intake,2025-04-05T09:00:00,2025-04-05T09:34:06,34.1,2025-04-05T09:11:36,11.6,EHR Core UI Thread Recycling,knowledge_article,RG-005,KA-005,1,0.95,SYNTHETIC_BENCHMARK
RDS-5091,PACSView,4.1,Performance,PACS image loading slow or hanging in radiology,2025-04-17T08:00:00,2025-04-17T08:28:48,28.8,2025-04-17T08:15:00,15.0,PACS Image Cache Purge and DICOM Router Cycle,knowledge_article,RG-002,KA-019,0,0.38,SYNTHETIC_BENCHMARK
RDS-5150,MedFlow,3.2,Application,Medication order entry frozen or queue not processing,2025-02-09T15:00:00,2025-02-09T15:48:00,48.0,2025-02-09T15:12:12,12.2,MedFlow Order Queue Clear and Process Recycle,knowledge_article,RG-003,KA-008,1,0.82,SYNTHETIC_BENCHMARK
RDS-5056,PACSView,4.1,Performance,PACS image loading slow or hanging in radiology,2025-05-06T12:00:00,2025-05-06T12:51:54,51.9,2025-05-06T12:20:12,20.2,PACS Image Cache Purge and DICOM Router Cycle,knowledge_article,RG-002,KA-019,1,0.83,SYNTHETIC_BENCHMARK
RDS-5231,EHRCore,6.0,UI/Application,Patient registration screen freeze or hang during intake,2025-01-20T16:00:00,2025-01-20T16:30:48,30.8,2025-01-20T16:11:12,11.2,EHR Core UI Thread Recycling,knowledge_article,RG-005,KA-005,1,0.93,SYNTHETIC_BENCHMARK
RDS-5118,MedFlow,3.2,Application,Medication order entry frozen or queue not processing,2025-04-05T15:00:00,2025-04-05T15:36:36,36.6,2025-04-05T15:12:48,12.8,MedFlow Order Queue Clear and Process Recycle,knowledge_article,RG-003,KA-008,0,0.37,SYNTHETIC_BENCHMARK
RDS-5130,MedFlow,3.2,Application,Medication order entry frozen or queue not processing,2025-07-09T09:00:00,2025-07-09T09:48:24,48.4,2025-07-09T09:11:18,11.3,MedFlow Order Queue Clear and Process Recycle,knowledge_article,RG-003,KA-008,1,0.9,SYNTHETIC_BENCHMARK
RDS-5278,HL7Router,3.5,Integration,HL7 message queue delayed or stuck in pending,2025-03-21T16:00:00,2025-03-21T16:43:54,43.9,2025-03-21T16:25:12,25.2,HL7 Router Queue Purge and Resend,knowledge_article,RG-006,KA-031,1,0.71,SYNTHETIC_BENCHMARK
RDS-5264,HL7Router,3.5,Integration,HL7 message queue delayed or stuck in pending,2025-01-26T19:00:00,2025-01-26T19:52:42,52.7,2025-01-26T19:24:54,24.9,HL7 Router Queue Purge and Resend,knowledge_article,RG-006,KA-031,1,0.79,SYNTHETIC_BENCHMARK
RDS-5006,LabSys,5.4,Application,Lab results not loading or displaying blank screen,2025-01-27T09:00:00,2025-01-27T09:28:18,28.3,2025-01-27T09:11:36,11.6,Restart LabSys Application Service,knowledge_article,RG-001,KA-014,1,0.78,SYNTHETIC_BENCHMARK
RDS-5201,EHRCore,6.0,UI/Application,Patient registration screen freeze or hang during intake,2025-06-14T08:00:00,2025-06-14T08:16:30,16.5,2025-06-14T08:10:48,10.8,EHR Core UI Thread Recycling,knowledge_article,RG-005,KA-005,1,0.91,SYNTHETIC_BENCHMARK
RDS-5270,HL7Router,3.5,Integration,HL7 message queue delayed or stuck in pending,2025-04-20T08:00:00,2025-04-20T08:51:30,51.5,2025-04-20T08:16:36,16.6,HL7 Router Queue Purge and Resend,knowledge_article,RG-006,KA-031,1,0.9,SYNTHETIC_BENCHMARK
RDS-5199,AuthGuard,2.8,Authentication,Clinical application SSO login failure across nursing stations,2025-04-25T20:00:00,2025-04-25T20:37:42,37.7,2025-04-25T20:19:42,19.7,AuthGuard LDAP Gateway Synchronizer Reset,knowledge_article,RG-004,KA-012,1,0.77,SYNTHETIC_BENCHMARK
RDS-5220,EHRCore,6.0,UI/Application,Patient registration screen freeze or hang during intake,2025-01-21T12:00:00,2025-01-21T12:26:06,26.1,2025-01-21T12:10:24,10.4,EHR Core UI Thread Recycling,knowledge_article,RG-005,KA-005,1,0.82,SYNTHETIC_BENCHMARK
RDS-5225,EHRCore,6.0,UI/Application,Patient registration screen freeze or hang during intake,2025-05-17T19:00:00,2025-05-17T19:20:48,20.8,2025-05-17T19:11:30,11.5,EHR Core UI Thread Recycling,knowledge_article,RG-005,KA-005,1,0.81,SYNTHETIC_BENCHMARK
RDS-5128,MedFlow,3.2,Application,Medication order entry frozen or queue not processing,2025-06-02T20:00:00,2025-06-02T20:38:36,38.6,2025-06-02T20:17:30,17.5,MedFlow Order Queue Clear and Process Recycle,knowledge_article,RG-003,KA-008,1,0.97,SYNTHETIC_BENCHMARK
RDS-5253,HL7Router,3.5,Integration,HL7 message queue delayed or stuck in pending,2025-07-16T17:00:00,2025-07-16T17:34:36,34.6,2025-07-16T17:18:42,18.7,HL7 Router Queue Purge and Resend,knowledge_article,RG-006,KA-031,1,0.95,SYNTHETIC_BENCHMARK
RDS-5196,AuthGuard,2.8,Authentication,Clinical application SSO login failure across nursing stations,2025-02-07T10:00:00,2025-02-07T10:43:54,43.9,2025-02-07T10:22:24,22.4,AuthGuard LDAP Gateway Synchronizer Reset,knowledge_article,RG-004,KA-012,1,0.96,SYNTHETIC_BENCHMARK
RDS-5049,LabSys,5.4,Application,Lab results not loading or displaying blank screen,2025-06-21T18:00:00,2025-06-21T18:26:06,26.1,2025-06-21T18:11:12,11.2,Restart LabSys Application Service,knowledge_article,RG-001,KA-014,1,0.72,SYNTHETIC_BENCHMARK
RDS-5236,EHRCore,6.0,UI/Application,Patient registration screen freeze or hang during intake,2025-02-08T15:00:00,2025-02-08T15:16:42,16.7,2025-02-08T15:10:30,10.5,EHR Core UI Thread Recycling,knowledge_article,RG-005,KA-005,1,0.78,SYNTHETIC_BENCHMARK
RDS-5185,AuthGuard,2.8,Authentication,Clinical application SSO login failure across nursing stations,2025-06-06T11:00:00,2025-06-06T11:47:42,47.7,2025-06-06T11:20:18,20.3,AuthGuard LDAP Gateway Synchronizer Reset,knowledge_article,RG-004,KA-012,1,0.91,SYNTHETIC_BENCHMARK
RDS-5148,MedFlow,3.2,Application,Medication order entry frozen or queue not processing,2025-06-05T20:00:00,2025-06-05T20:27:12,27.2,2025-06-05T20:10:42,10.7,MedFlow Order Queue Clear and Process Recycle,knowledge_article,RG-003,KA-008,1,0.87,SYNTHETIC_BENCHMARK
RDS-5084,PACSView,4.1,Performance,PACS image loading slow or hanging in radiology,2025-03-05T09:00:00,2025-03-05T09:37:06,37.1,2025-03-05T09:19:36,19.6,PACS Image Cache Purge and DICOM Router Cycle,knowledge_article,RG-002,KA-019,1,1.0,SYNTHETIC_BENCHMARK
RDS-5245,EHRCore,6.0,UI/Application,Patient registration screen freeze or hang during intake,2025-05-23T18:00:00,2025-05-23T18:24:42,24.7,2025-05-23T18:09:00,9.0,EHR Core UI Thread Recycling,knowledge_article,RG-005,KA-005,1,0.99,SYNTHETIC_BENCHMARK
RDS-5216,EHRCore,6.0,UI/Application,Patient registration screen freeze or hang during intake,2025-03-31T08:00:00,2025-03-31T08:19:30,19.5,2025-03-31T08:08:06,8.1,EHR Core UI Thread Recycling,knowledge_article,RG-005,KA-005,1,0.72,SYNTHETIC_BENCHMARK
RDS-5262,HL7Router,3.5,Integration,HL7 message queue delayed or stuck in pending,2025-02-26T15:00:00,2025-02-26T16:01:00,61.0,2025-02-26T15:27:00,27.0,HL7 Router Queue Purge and Resend,knowledge_article,RG-006,KA-031,1,0.82,SYNTHETIC_BENCHMARK
RDS-5158,AuthGuard,2.8,Authentication,Clinical application SSO login failure across nursing stations,2025-06-16T10:00:00,2025-06-16T10:42:18,42.3,2025-06-16T10:12:30,12.5,AuthGuard LDAP Gateway Synchronizer Reset,knowledge_article,RG-004,KA-012,1,0.88,SYNTHETIC_BENCHMARK
RDS-5099,PACSView,4.1,Performance,PACS image loading slow or hanging in radiology,2025-04-08T12:00:00,2025-04-08T12:46:48,46.8,2025-04-08T12:20:00,20.0,PACS Image Cache Purge and DICOM Router Cycle,knowledge_article,RG-002,KA-019,1,0.72,SYNTHETIC_BENCHMARK
RDS-5075,PACSView,4.1,Performance,PACS image loading slow or hanging in radiology,2025-06-20T14:00:00,2025-06-20T14:44:24,44.4,2025-06-20T14:20:48,20.8,PACS Image Cache Purge and DICOM Router Cycle,knowledge_article,RG-002,KA-019,1,0.79,SYNTHETIC_BENCHMARK
RDS-5013,LabSys,5.4,Application,Lab results not loading or displaying blank screen,2025-06-13T19:00:00,2025-06-13T19:33:00,33.0,2025-06-13T19:14:48,14.8,Restart LabSys Application Service,knowledge_article,RG-001,KA-014,1,0.93,SYNTHETIC_BENCHMARK
RDS-5025,LabSys,5.4,Application,Lab results not loading or displaying blank screen,2025-05-16T08:00:00,2025-05-16T08:34:12,34.2,2025-05-16T08:12:54,12.9,Restart LabSys Application Service,knowledge_article,RG-001,KA-014,1,0.81,SYNTHETIC_BENCHMARK
RDS-5237,EHRCore,6.0,UI/Application,Patient registration screen freeze or hang during intake,2025-01-15T13:00:00,2025-01-15T13:27:42,27.7,2025-01-15T13:09:30,9.5,EHR Core UI Thread Recycling,knowledge_article,RG-005,KA-005,1,0.72,SYNTHETIC_BENCHMARK
RDS-5291,HL7Router,3.5,Integration,HL7 message queue delayed or stuck in pending,2025-01-30T08:00:00,2025-01-30T08:55:42,55.7,2025-01-30T08:20:30,20.5,HL7 Router Queue Purge and Resend,knowledge_article,RG-006,KA-031,1,0.87,SYNTHETIC_BENCHMARK
RDS-5284,HL7Router,3.5,Integration,HL7 message queue delayed or stuck in pending,2025-04-25T17:00:00,2025-04-25T17:55:06,55.1,2025-04-25T17:15:30,15.5,HL7 Router Queue Purge and Resend,knowledge_article,RG-006,KA-031,1,0.83,SYNTHETIC_BENCHMARK
RDS-5069,PACSView,4.1,Performance,PACS image loading slow or hanging in radiology,2025-03-09T08:00:00,2025-03-09T08:25:36,25.6,2025-03-09T08:15:12,15.2,PACS Image Cache Purge and DICOM Router Cycle,knowledge_article,RG-002,KA-019,1,0.79,SYNTHETIC_BENCHMARK
RDS-5032,LabSys,5.4,Application,Lab results not loading or displaying blank screen,2025-06-11T08:00:00,2025-06-11T08:24:12,24.2,2025-06-11T08:17:06,17.1,Restart LabSys Application Service,knowledge_article,RG-001,KA-014,1,0.72,SYNTHETIC_BENCHMARK
RDS-5120,MedFlow,3.2,Application,Medication order entry frozen or queue not processing,2025-03-22T09:00:00,2025-03-22T09:42:18,42.3,2025-03-22T09:19:30,19.5,MedFlow Order Queue Clear and Process Recycle,knowledge_article,RG-003,KA-008,1,0.76,SYNTHETIC_BENCHMARK
RDS-5062,PACSView,4.1,Performance,PACS image loading slow or hanging in radiology,2025-04-15T17:00:00,2025-04-15T17:46:42,46.7,2025-04-15T17:21:06,21.1,PACS Image Cache Purge and DICOM Router Cycle,knowledge_article,RG-002,KA-019,1,0.75,SYNTHETIC_BENCHMARK
RDS-5233,EHRCore,6.0,UI/Application,Patient registration screen freeze or hang during intake,2025-03-07T11:00:00,2025-03-07T11:19:18,19.3,2025-03-07T11:08:12,8.2,EHR Core UI Thread Recycling,knowledge_article,RG-005,KA-005,1,0.72,SYNTHETIC_BENCHMARK
RDS-5028,LabSys,5.4,Application,Lab results not loading or displaying blank screen,2025-05-21T10:00:00,2025-05-21T10:25:12,25.2,2025-05-21T10:16:42,16.7,Restart LabSys Application Service,knowledge_article,RG-001,KA-014,1,0.76,SYNTHETIC_BENCHMARK
RDS-5144,MedFlow,3.2,Application,Medication order entry frozen or queue not processing,2025-01-23T13:00:00,2025-01-23T13:27:36,27.6,2025-01-23T13:10:18,10.3,MedFlow Order Queue Clear and Process Recycle,knowledge_article,RG-003,KA-008,1,0.96,SYNTHETIC_BENCHMARK
RDS-5132,MedFlow,3.2,Application,Medication order entry frozen or queue not processing,2025-06-02T15:00:00,2025-06-02T15:28:42,28.7,2025-06-02T15:11:30,11.5,MedFlow Order Queue Clear and Process Recycle,knowledge_article,RG-003,KA-008,1,0.91,SYNTHETIC_BENCHMARK
RDS-5095,PACSView,4.1,Performance,PACS image loading slow or hanging in radiology,2025-04-22T15:00:00,2025-04-22T15:23:00,23.0,2025-04-22T15:14:00,14.0,PACS Image Cache Purge and DICOM Router Cycle,knowledge_article,RG-002,KA-019,1,0.82,SYNTHETIC_BENCHMARK
RDS-5195,AuthGuard,2.8,Authentication,Clinical application SSO login failure across nursing stations,2025-02-25T11:00:00,2025-02-25T11:36:30,36.5,2025-02-25T11:13:54,13.9,AuthGuard LDAP Gateway Synchronizer Reset,knowledge_article,RG-004,KA-012,0,0.2,SYNTHETIC_BENCHMARK
RDS-5034,LabSys,5.4,Application,Lab results not loading or displaying blank screen,2025-05-27T17:00:00,2025-05-27T17:30:48,30.8,2025-05-27T17:15:48,15.8,Restart LabSys Application Service,knowledge_article,RG-001,KA-014,1,0.76,SYNTHETIC_BENCHMARK
RDS-5103,MedFlow,3.2,Application,Medication order entry frozen or queue not processing,2025-04-30T19:00:00,2025-04-30T19:27:42,27.7,2025-04-30T19:13:06,13.1,MedFlow Order Queue Clear and Process Recycle,knowledge_article,RG-003,KA-008,1,0.99,SYNTHETIC_BENCHMARK
RDS-5089,PACSView,4.1,Performance,PACS image loading slow or hanging in radiology,2025-03-11T13:00:00,2025-03-11T13:32:36,32.6,2025-03-11T13:16:30,16.5,PACS Image Cache Purge and DICOM Router Cycle,knowledge_article,RG-002,KA-019,1,0.77,SYNTHETIC_BENCHMARK
RDS-5235,EHRCore,6.0,UI/Application,Patient registration screen freeze or hang during intake,2025-05-25T18:00:00,2025-05-25T18:30:54,30.9,2025-05-25T18:12:00,12.0,EHR Core UI Thread Recycling,knowledge_article,RG-005,KA-005,1,0.89,SYNTHETIC_BENCHMARK
RDS-5188,AuthGuard,2.8,Authentication,Clinical application SSO login failure across nursing stations,2025-07-10T19:00:00,2025-07-10T19:58:06,58.1,2025-07-10T19:17:24,17.4,AuthGuard LDAP Gateway Synchronizer Reset,knowledge_article,RG-004,KA-012,1,0.75,SYNTHETIC_BENCHMARK
RDS-5082,PACSView,4.1,Performance,PACS image loading slow or hanging in radiology,2025-06-17T19:00:00,2025-06-17T19:22:12,22.2,2025-06-17T19:19:00,19.0,PACS Image Cache Purge and DICOM Router Cycle,knowledge_article,RG-002,KA-019,1,0.73,SYNTHETIC_BENCHMARK
RDS-5184,AuthGuard,2.8,Authentication,Clinical application SSO login failure across nursing stations,2025-01-28T18:00:00,2025-01-28T18:33:12,33.2,2025-01-28T18:12:18,12.3,AuthGuard LDAP Gateway Synchronizer Reset,knowledge_article,RG-004,KA-012,0,0.37,SYNTHETIC_BENCHMARK
RDS-5221,EHRCore,6.0,UI/Application,Patient registration screen freeze or hang during intake,2025-02-25T20:00:00,2025-02-25T20:27:48,27.8,2025-02-25T20:09:48,9.8,EHR Core UI Thread Recycling,knowledge_article,RG-005,KA-005,1,0.9,SYNTHETIC_BENCHMARK
RDS-5081,PACSView,4.1,Performance,PACS image loading slow or hanging in radiology,2025-06-11T17:00:00,2025-06-11T17:28:24,28.4,2025-06-11T17:18:24,18.4,PACS Image Cache Purge and DICOM Router Cycle,knowledge_article,RG-002,KA-019,1,0.77,SYNTHETIC_BENCHMARK
RDS-5037,LabSys,5.4,Application,Lab results not loading or displaying blank screen,2025-01-28T11:00:00,2025-01-28T11:23:12,23.2,2025-01-28T11:13:24,13.4,Restart LabSys Application Service,knowledge_article,RG-001,KA-014,1,0.76,SYNTHETIC_BENCHMARK
RDS-5275,HL7Router,3.5,Integration,HL7 message queue delayed or stuck in pending,2025-04-01T16:00:00,2025-04-01T16:41:48,41.8,2025-04-01T16:22:36,22.6,HL7 Router Queue Purge and Resend,knowledge_article,RG-006,KA-031,1,0.91,SYNTHETIC_BENCHMARK
RDS-5269,HL7Router,3.5,Integration,HL7 message queue delayed or stuck in pending,2025-06-02T16:00:00,2025-06-02T16:30:36,30.6,2025-06-02T16:20:42,20.7,HL7 Router Queue Purge and Resend,knowledge_article,RG-006,KA-031,1,0.74,SYNTHETIC_BENCHMARK
RDS-5053,PACSView,4.1,Performance,PACS image loading slow or hanging in radiology,2025-06-17T16:00:00,2025-06-17T16:22:18,22.3,2025-06-17T16:19:48,19.8,PACS Image Cache Purge and DICOM Router Cycle,knowledge_article,RG-002,KA-019,1,0.9,SYNTHETIC_BENCHMARK
RDS-5119,MedFlow,3.2,Application,Medication order entry frozen or queue not processing,2025-04-01T19:00:00,2025-04-01T19:33:36,33.6,2025-04-01T19:12:24,12.4,MedFlow Order Queue Clear and Process Recycle,knowledge_article,RG-003,KA-008,1,0.92,SYNTHETIC_BENCHMARK
RDS-5124,MedFlow,3.2,Application,Medication order entry frozen or queue not processing,2025-06-13T20:00:00,2025-06-13T20:34:42,34.7,2025-06-13T20:18:36,18.6,MedFlow Order Queue Clear and Process Recycle,knowledge_article,RG-003,KA-008,1,0.84,SYNTHETIC_BENCHMARK
RDS-5107,MedFlow,3.2,Application,Medication order entry frozen or queue not processing,2025-06-25T17:00:00,2025-06-25T17:44:12,44.2,2025-06-25T17:17:48,17.8,MedFlow Order Queue Clear and Process Recycle,knowledge_article,RG-003,KA-008,1,0.71,SYNTHETIC_BENCHMARK
RDS-5113,MedFlow,3.2,Application,Medication order entry frozen or queue not processing,2025-06-21T14:00:00,2025-06-21T14:30:06,30.1,2025-06-21T14:14:24,14.4,MedFlow Order Queue Clear and Process Recycle,knowledge_article,RG-003,KA-008,1,0.85,SYNTHETIC_BENCHMARK
RDS-5280,HL7Router,3.5,Integration,HL7 message queue delayed or stuck in pending,2025-03-11T09:00:00,2025-03-11T09:58:00,58.0,2025-03-11T09:19:36,19.6,HL7 Router Queue Purge and Resend,knowledge_article,RG-006,KA-031,1,0.83,SYNTHETIC_BENCHMARK
RDS-5260,HL7Router,3.5,Integration,HL7 message queue delayed or stuck in pending,2025-01-27T19:00:00,2025-01-27T19:59:36,59.6,2025-01-27T19:25:48,25.8,HL7 Router Queue Purge and Resend,knowledge_article,RG-006,KA-031,1,0.93,SYNTHETIC_BENCHMARK
RDS-5299,HL7Router,3.5,Integration,HL7 message queue delayed or stuck in pending,2025-03-21T14:00:00,2025-03-21T15:05:00,65.0,2025-03-21T14:23:48,23.8,HL7 Router Queue Purge and Resend,knowledge_article,RG-006,KA-031,1,0.93,SYNTHETIC_BENCHMARK
RDS-5019,LabSys,5.4,Application,Lab results not loading or displaying blank screen,2025-06-24T14:00:00,2025-06-24T14:34:06,34.1,2025-06-24T14:11:48,11.8,Restart LabSys Application Service,knowledge_article,RG-001,KA-014,1,0.84,SYNTHETIC_BENCHMARK
RDS-5117,MedFlow,3.2,Application,Medication order entry frozen or queue not processing,2025-01-05T09:00:00,2025-01-05T09:28:48,28.8,2025-01-05T09:13:24,13.4,MedFlow Order Queue Clear and Process Recycle,knowledge_article,RG-003,KA-008,1,0.9,SYNTHETIC_BENCHMARK
RDS-5077,PACSView,4.1,Performance,PACS image loading slow or hanging in radiology,2025-03-24T15:00:00,2025-03-24T15:36:36,36.6,2025-03-24T15:18:06,18.1,PACS Image Cache Purge and DICOM Router Cycle,knowledge_article,RG-002,KA-019,1,0.94,SYNTHETIC_BENCHMARK
RDS-5104,MedFlow,3.2,Application,Medication order entry frozen or queue not processing,2025-07-03T09:00:00,2025-07-03T09:43:18,43.3,2025-07-03T09:10:48,10.8,MedFlow Order Queue Clear and Process Recycle,knowledge_article,RG-003,KA-008,1,0.87,SYNTHETIC_BENCHMARK
RDS-5176,AuthGuard,2.8,Authentication,Clinical application SSO login failure across nursing stations,2025-06-10T09:00:00,2025-06-10T09:56:36,56.6,2025-06-10T09:20:24,20.4,AuthGuard LDAP Gateway Synchronizer Reset,knowledge_article,RG-004,KA-012,1,0.83,SYNTHETIC_BENCHMARK
RDS-5254,HL7Router,3.5,Integration,HL7 message queue delayed or stuck in pending,2025-07-17T17:00:00,2025-07-17T17:58:18,58.3,2025-07-17T17:15:30,15.5,HL7 Router Queue Purge and Resend,knowledge_article,RG-006,KA-031,1,0.82,SYNTHETIC_BENCHMARK
RDS-5207,EHRCore,6.0,UI/Application,Patient registration screen freeze or hang during intake,2025-03-22T14:00:00,2025-03-22T14:22:48,22.8,2025-03-22T14:09:00,9.0,EHR Core UI Thread Recycling,knowledge_article,RG-005,KA-005,0,0.41,SYNTHETIC_BENCHMARK
RDS-5063,PACSView,4.1,Performance,PACS image loading slow or hanging in radiology,2025-02-15T14:00:00,2025-02-15T14:22:48,22.8,2025-02-15T14:18:48,18.8,PACS Image Cache Purge and DICOM Router Cycle,knowledge_article,RG-002,KA-019,1,0.98,SYNTHETIC_BENCHMARK
RDS-5248,EHRCore,6.0,UI/Application,Patient registration screen freeze or hang during intake,2025-05-24T14:00:00,2025-05-24T14:31:06,31.1,2025-05-24T14:09:36,9.6,EHR Core UI Thread Recycling,knowledge_article,RG-005,KA-005,1,0.91,SYNTHETIC_BENCHMARK
RDS-5155,AuthGuard,2.8,Authentication,Clinical application SSO login failure across nursing stations,2025-05-04T13:00:00,2025-05-04T13:36:36,36.6,2025-05-04T13:21:54,21.9,AuthGuard LDAP Gateway Synchronizer Reset,knowledge_article,RG-004,KA-012,1,0.98,SYNTHETIC_BENCHMARK
RDS-5149,MedFlow,3.2,Application,Medication order entry frozen or queue not processing,2025-01-24T11:00:00,2025-01-24T11:49:48,49.8,2025-01-24T11:19:00,19.0,MedFlow Order Queue Clear and Process Recycle,knowledge_article,RG-003,KA-008,1,0.74,SYNTHETIC_BENCHMARK
RDS-5255,HL7Router,3.5,Integration,HL7 message queue delayed or stuck in pending,2025-06-23T19:00:00,2025-06-23T19:38:18,38.3,2025-06-23T19:19:42,19.7,HL7 Router Queue Purge and Resend,knowledge_article,RG-006,KA-031,1,0.92,SYNTHETIC_BENCHMARK
RDS-5016,LabSys,5.4,Application,Lab results not loading or displaying blank screen,2025-04-28T10:00:00,2025-04-28T10:25:12,25.2,2025-04-28T10:10:30,10.5,Restart LabSys Application Service,knowledge_article,RG-001,KA-014,1,0.78,SYNTHETIC_BENCHMARK
RDS-5214,EHRCore,6.0,UI/Application,Patient registration screen freeze or hang during intake,2025-07-16T17:00:00,2025-07-16T17:30:18,30.3,2025-07-16T17:12:06,12.1,EHR Core UI Thread Recycling,knowledge_article,RG-005,KA-005,1,0.98,SYNTHETIC_BENCHMARK
RDS-5108,MedFlow,3.2,Application,Medication order entry frozen or queue not processing,2025-05-17T14:00:00,2025-05-17T14:39:48,39.8,2025-05-17T14:09:48,9.8,MedFlow Order Queue Clear and Process Recycle,knowledge_article,RG-003,KA-008,1,0.7,SYNTHETIC_BENCHMARK
RDS-5136,MedFlow,3.2,Application,Medication order entry frozen or queue not processing,2025-05-26T12:00:00,2025-05-26T12:33:12,33.2,2025-05-26T12:14:12,14.2,MedFlow Order Queue Clear and Process Recycle,knowledge_article,RG-003,KA-008,1,0.82,SYNTHETIC_BENCHMARK
RDS-5024,LabSys,5.4,Application,Lab results not loading or displaying blank screen,2025-06-05T11:00:00,2025-06-05T11:22:06,22.1,2025-06-05T11:15:36,15.6,Restart LabSys Application Service,knowledge_article,RG-001,KA-014,1,0.93,SYNTHETIC_BENCHMARK
RDS-5042,LabSys,5.4,Application,Lab results not loading or displaying blank screen,2025-04-27T12:00:00,2025-04-27T12:29:24,29.4,2025-04-27T12:17:36,17.6,Restart LabSys Application Service,knowledge_article,RG-001,KA-014,0,0.37,SYNTHETIC_BENCHMARK
RDS-5015,LabSys,5.4,Application,Lab results not loading or displaying blank screen,2025-05-26T19:00:00,2025-05-26T19:26:30,26.5,2025-05-26T19:14:36,14.6,Restart LabSys Application Service,knowledge_article,RG-001,KA-014,1,0.97,SYNTHETIC_BENCHMARK
RDS-5022,LabSys,5.4,Application,Lab results not loading or displaying blank screen,2025-04-27T08:00:00,2025-04-27T08:43:48,43.8,2025-04-27T08:16:48,16.8,Restart LabSys Application Service,knowledge_article,RG-001,KA-014,1,0.85,SYNTHETIC_BENCHMARK
RDS-5173,AuthGuard,2.8,Authentication,Clinical application SSO login failure across nursing stations,2025-05-25T18:00:00,2025-05-25T18:52:12,52.2,2025-05-25T18:24:42,24.7,AuthGuard LDAP Gateway Synchronizer Reset,knowledge_article,RG-004,KA-012,0,0.42,SYNTHETIC_BENCHMARK
RDS-5088,PACSView,4.1,Performance,PACS image loading slow or hanging in radiology,2025-05-14T15:00:00,2025-05-14T15:42:42,42.7,2025-05-14T15:13:18,13.3,PACS Image Cache Purge and DICOM Router Cycle,knowledge_article,RG-002,KA-019,1,0.79,SYNTHETIC_BENCHMARK
RDS-5289,HL7Router,3.5,Integration,HL7 message queue delayed or stuck in pending,2025-06-04T10:00:00,2025-06-04T10:53:48,53.8,2025-06-04T10:27:12,27.2,HL7 Router Queue Purge and Resend,knowledge_article,RG-006,KA-031,1,0.93,SYNTHETIC_BENCHMARK
RDS-5087,PACSView,4.1,Performance,PACS image loading slow or hanging in radiology,2025-05-02T15:00:00,2025-05-02T15:30:36,30.6,2025-05-02T15:13:00,13.0,PACS Image Cache Purge and DICOM Router Cycle,knowledge_article,RG-002,KA-019,1,0.93,SYNTHETIC_BENCHMARK
RDS-5293,HL7Router,3.5,Integration,HL7 message queue delayed or stuck in pending,2025-05-06T11:00:00,2025-05-06T11:34:18,34.3,2025-05-06T11:25:48,25.8,HL7 Router Queue Purge and Resend,knowledge_article,RG-006,KA-031,1,0.97,SYNTHETIC_BENCHMARK
RDS-5048,LabSys,5.4,Application,Lab results not loading or displaying blank screen,2025-03-22T12:00:00,2025-03-22T12:23:30,23.5,2025-03-22T12:15:12,15.2,Restart LabSys Application Service,knowledge_article,RG-001,KA-014,1,0.82,SYNTHETIC_BENCHMARK
RDS-5274,HL7Router,3.5,Integration,HL7 message queue delayed or stuck in pending,2025-06-18T18:00:00,2025-06-18T18:33:36,33.6,2025-06-18T18:21:42,21.7,HL7 Router Queue Purge and Resend,knowledge_article,RG-006,KA-031,1,0.74,SYNTHETIC_BENCHMARK
RDS-5288,HL7Router,3.5,Integration,HL7 message queue delayed or stuck in pending,2025-01-18T11:00:00,2025-01-18T11:57:12,57.2,2025-01-18T11:18:30,18.5,HL7 Router Queue Purge and Resend,knowledge_article,RG-006,KA-031,1,0.87,SYNTHETIC_BENCHMARK
RDS-5065,PACSView,4.1,Performance,PACS image loading slow or hanging in radiology,2025-01-10T15:00:00,2025-01-10T15:29:18,29.3,2025-01-10T15:19:48,19.8,PACS Image Cache Purge and DICOM Router Cycle,knowledge_article,RG-002,KA-019,1,0.79,SYNTHETIC_BENCHMARK
RDS-5141,MedFlow,3.2,Application,Medication order entry frozen or queue not processing,2025-02-16T17:00:00,2025-02-16T17:33:06,33.1,2025-02-16T17:18:00,18.0,MedFlow Order Queue Clear and Process Recycle,knowledge_article,RG-003,KA-008,0,0.34,SYNTHETIC_BENCHMARK
RDS-5101,MedFlow,3.2,Application,Medication order entry frozen or queue not processing,2025-07-19T18:00:00,2025-07-19T18:21:12,21.2,2025-07-19T18:09:18,9.3,MedFlow Order Queue Clear and Process Recycle,knowledge_article,RG-003,KA-008,1,0.95,SYNTHETIC_BENCHMARK
RDS-5129,MedFlow,3.2,Application,Medication order entry frozen or queue not processing,2025-03-18T17:00:00,2025-03-18T17:49:42,49.7,2025-03-18T17:12:24,12.4,MedFlow Order Queue Clear and Process Recycle,knowledge_article,RG-003,KA-008,1,0.88,SYNTHETIC_BENCHMARK
RDS-5041,LabSys,5.4,Application,Lab results not loading or displaying blank screen,2025-01-16T10:00:00,2025-01-16T10:28:12,28.2,2025-01-16T10:17:54,17.9,Restart LabSys Application Service,knowledge_article,RG-001,KA-014,1,0.94,SYNTHETIC_BENCHMARK
RDS-5146,MedFlow,3.2,Application,Medication order entry frozen or queue not processing,2025-06-09T20:00:00,2025-06-09T20:35:00,35.0,2025-06-09T20:13:54,13.9,MedFlow Order Queue Clear and Process Recycle,knowledge_article,RG-003,KA-008,1,0.78,SYNTHETIC_BENCHMARK
RDS-5290,HL7Router,3.5,Integration,HL7 message queue delayed or stuck in pending,2025-05-27T10:00:00,2025-05-27T10:48:30,48.5,2025-05-27T10:19:00,19.0,HL7 Router Queue Purge and Resend,knowledge_article,RG-006,KA-031,1,0.77,SYNTHETIC_BENCHMARK
RDS-5178,AuthGuard,2.8,Authentication,Clinical application SSO login failure across nursing stations,2025-02-14T11:00:00,2025-02-14T11:29:36,29.6,2025-02-14T11:19:00,19.0,AuthGuard LDAP Gateway Synchronizer Reset,knowledge_article,RG-004,KA-012,0,0.36,SYNTHETIC_BENCHMARK
RDS-5116,MedFlow,3.2,Application,Medication order entry frozen or queue not processing,2025-05-23T20:00:00,2025-05-23T20:27:12,27.2,2025-05-23T20:14:12,14.2,MedFlow Order Queue Clear and Process Recycle,knowledge_article,RG-003,KA-008,1,0.83,SYNTHETIC_BENCHMARK
RDS-5166,AuthGuard,2.8,Authentication,Clinical application SSO login failure across nursing stations,2025-02-07T11:00:00,2025-02-07T11:43:36,43.6,2025-02-07T11:19:24,19.4,AuthGuard LDAP Gateway Synchronizer Reset,knowledge_article,RG-004,KA-012,1,0.75,SYNTHETIC_BENCHMARK
RDS-5083,PACSView,4.1,Performance,PACS image loading slow or hanging in radiology,2025-04-19T11:00:00,2025-04-19T11:27:48,27.8,2025-04-19T11:21:30,21.5,PACS Image Cache Purge and DICOM Router Cycle,knowledge_article,RG-002,KA-019,1,0.72,SYNTHETIC_BENCHMARK
RDS-5085,PACSView,4.1,Performance,PACS image loading slow or hanging in radiology,2025-06-02T13:00:00,2025-06-02T13:53:24,53.4,2025-06-02T13:20:42,20.7,PACS Image Cache Purge and DICOM Router Cycle,knowledge_article,RG-002,KA-019,1,0.92,SYNTHETIC_BENCHMARK
RDS-5156,AuthGuard,2.8,Authentication,Clinical application SSO login failure across nursing stations,2025-02-18T19:00:00,2025-02-18T19:33:24,33.4,2025-02-18T19:17:00,17.0,AuthGuard LDAP Gateway Synchronizer Reset,knowledge_article,RG-004,KA-012,1,0.82,SYNTHETIC_BENCHMARK
RDS-5079,PACSView,4.1,Performance,PACS image loading slow or hanging in radiology,2025-01-24T20:00:00,2025-01-24T20:29:48,29.8,2025-01-24T20:13:42,13.7,PACS Image Cache Purge and DICOM Router Cycle,knowledge_article,RG-002,KA-019,1,0.74,SYNTHETIC_BENCHMARK
RDS-5266,HL7Router,3.5,Integration,HL7 message queue delayed or stuck in pending,2025-01-21T08:00:00,2025-01-21T08:39:00,39.0,2025-01-21T08:25:30,25.5,HL7 Router Queue Purge and Resend,knowledge_article,RG-006,KA-031,1,0.92,SYNTHETIC_BENCHMARK
RDS-5064,PACSView,4.1,Performance,PACS image loading slow or hanging in radiology,2025-06-21T19:00:00,2025-06-21T19:48:48,48.8,2025-06-21T19:13:12,13.2,PACS Image Cache Purge and DICOM Router Cycle,knowledge_article,RG-002,KA-019,1,0.73,SYNTHETIC_BENCHMARK
RDS-5029,LabSys,5.4,Application,Lab results not loading or displaying blank screen,2025-05-19T20:00:00,2025-05-19T20:37:42,37.7,2025-05-19T20:10:00,10.0,Restart LabSys Application Service,knowledge_article,RG-001,KA-014,1,1.0,SYNTHETIC_BENCHMARK
RDS-5258,HL7Router,3.5,Integration,HL7 message queue delayed or stuck in pending,2025-07-19T14:00:00,2025-07-19T14:47:36,47.6,2025-07-19T14:19:18,19.3,HL7 Router Queue Purge and Resend,knowledge_article,RG-006,KA-031,1,0.76,SYNTHETIC_BENCHMARK
RDS-5222,EHRCore,6.0,UI/Application,Patient registration screen freeze or hang during intake,2025-06-01T15:00:00,2025-06-01T15:28:12,28.2,2025-06-01T15:09:30,9.5,EHR Core UI Thread Recycling,knowledge_article,RG-005,KA-005,1,1.0,SYNTHETIC_BENCHMARK
RDS-5067,PACSView,4.1,Performance,PACS image loading slow or hanging in radiology,2025-07-17T12:00:00,2025-07-17T12:33:36,33.6,2025-07-17T12:16:06,16.1,PACS Image Cache Purge and DICOM Router Cycle,knowledge_article,RG-002,KA-019,1,0.95,SYNTHETIC_BENCHMARK
RDS-5094,PACSView,4.1,Performance,PACS image loading slow or hanging in radiology,2025-07-11T19:00:00,2025-07-11T19:40:00,40.0,2025-07-11T19:17:12,17.2,PACS Image Cache Purge and DICOM Router Cycle,knowledge_article,RG-002,KA-019,1,0.77,SYNTHETIC_BENCHMARK
RDS-5283,HL7Router,3.5,Integration,HL7 message queue delayed or stuck in pending,2025-02-16T16:00:00,2025-02-16T16:40:18,40.3,2025-02-16T16:14:30,14.5,HL7 Router Queue Purge and Resend,knowledge_article,RG-006,KA-031,1,0.79,SYNTHETIC_BENCHMARK
RDS-5066,PACSView,4.1,Performance,PACS image loading slow or hanging in radiology,2025-02-28T11:00:00,2025-02-28T11:22:48,22.8,2025-02-28T11:12:18,12.3,PACS Image Cache Purge and DICOM Router Cycle,knowledge_article,RG-002,KA-019,1,0.96,SYNTHETIC_BENCHMARK
RDS-5177,AuthGuard,2.8,Authentication,Clinical application SSO login failure across nursing stations,2025-05-29T13:00:00,2025-05-29T13:50:36,50.6,2025-05-29T13:13:12,13.2,AuthGuard LDAP Gateway Synchronizer Reset,knowledge_article,RG-004,KA-012,1,0.92,SYNTHETIC_BENCHMARK
RDS-5265,HL7Router,3.5,Integration,HL7 message queue delayed or stuck in pending,2025-05-01T19:00:00,2025-05-01T19:59:06,59.1,2025-05-01T19:24:24,24.4,HL7 Router Queue Purge and Resend,knowledge_article,RG-006,KA-031,1,0.88,SYNTHETIC_BENCHMARK
